node_id,node_name,path,node_type,current_function,business_importance,criticality,business_rules,dependencies,test_protection,main_problem,optimization_opportunity,risk_of_change,recommended_v3_action,v3_migration_strategy,priority,estimated_effort,requires_business_decision,evidence,comments
PY-EXCELIO-MOD,excel_io.py (modulo),excel_io.py,DATA_ARTIFACT,"Capa de lectura determinística SOLO LECTURA de CIERRE/MACROS/ATC via openpyxl(read_only=True,data_only=True). Nunca cruza, nunca cuadra, nunca escribe.",ALTA,CRITICA,"Fecha de cierre SIEMPRE del NOMBRE de archivo, nunca de config regional; MACROS=hoja EXACTA 'Tablas Dinamicas Profesional'",openpyxl,Cubierto indirectamente por casi toda la suite (via motor_tiquipaya); no tiene tests unitarios propios dedicados solo a excel_io,Sin tests unitarios propios (test_pipeline/test_asiento la ejercitan solo indirectamente via fixtures xlsx_fixtures.py),,ALTO,KEEP,REUSE_AS_IS,P0,N/D (fuera de alcance de esta auditoria: solo diagnostico),NO,excel_io.py:1-767,
PY-EXCELIO-LEERCIERRE,leer_cierre(),excel_io.py,CODE_NODE,Lee SFC101/SFC102 (resumen+depositos) y Comunicaciones Internas de ambos SFC; UNA sola apertura de archivo,ALTA,CRITICA,,"openpyxl, normalize_text/normalize_compact, _fecha_iso, to_decimal/money_str","tests/test_pipeline_tiquipaya.py, tests/test_asiento.py, tests/xlsx_fixtures.py (fixtures sintéticas)",,,ALTO,KEEP,REUSE_AS_IS,P0,N/D (fuera de alcance de esta auditoria: solo diagnostico),NO,excel_io.py:381-427,
PY-EXCELIO-MACROS,leer_macros_bnb(),excel_io.py,CODE_NODE,Indexa MACROS mensual (hoja EXACTA 'Tablas Dinamicas Profesional') por_codigo/por_importe; descarta filas de encabezado repetidas por CONTENIDO,ALTA,CRITICA,MACROS se usa unicamente para vouchers y NETO de ATC; CI NUNCA usa MACROS,"openpyxl, normalize_codigo",,"Si el nombre exacto de hoja cambia (typo, mayus/minus con tilde no normalizada por _find), falla con ValueError explicito (fail-closed, no silencioso)",,ALTO,KEEP,REUSE_AS_IS,P0,N/D (fuera de alcance de esta auditoria: solo diagnostico),NO,excel_io.py:459-542,
PY-EXCELIO-ATC,leer_atc_mensual(),excel_io.py,CODE_NODE,"Detecta modo LEGADO vs PRECONCILIADO por NOMBRE de hoja ('ATC TIQUIPAYA'), nunca por flag explicito",ALTA,CRITICA,"ATC preconciliado NUNCA se vuelve a cruzar contra MACROS; fila NETO/COMISION duplicada en la misma fecha = excepcion explicita, nunca se suma",openpyxl,,,,ALTO,KEEP,REUSE_AS_IS,P0,N/D (fuera de alcance de esta auditoria: solo diagnostico),NO,excel_io.py:571-750,
PY-MOTOR-MOD,motor_tiquipaya.py (modulo),motor_tiquipaya.py,BUSINESS_RULE,"ETAPAS 1-5: cruces (vouchers/ATC/CI), universo+ALQUILERES+componentes+cuadre, construccion del asiento CARGO/HABER. Corazon contable determinístico del sistema.",ALTA,CRITICA,,excel_io.py,"tests/test_cruces.py, test_asiento.py, test_atc_preconciliado.py, test_usd_caja_me.py, test_texto_posicion_fecha_valor.py, test_excepciones.py, test_excepciones_atc_asiento.py, test_regresion_sintetica.py (~110 tests en total)",,,MUY_ALTO,KEEP,REUSE_AS_IS,P0,N/D (fuera de alcance de esta auditoria: solo diagnostico),NO,motor_tiquipaya.py:1-1344,
PY-MOTOR-VOUCHERS,cruzar_vouchers()/_clasificar_voucher(),motor_tiquipaya.py,BUSINESS_RULE,"Match VOUCHER<->MACROS: MATCH_EXACTO, AUTOCORRECCION_0_O (unica auto-correccion permitida), MULTIPLE, POSIBLE_TYPO (1-2 chars, nunca autocorrige), NO_ENCONTRADO",ALTA,CRITICA,0<->O es la UNICA autocorreccion automatica; O<->P NUNCA autocorrige (POSIBLE_TYPO/bloqueante),excel_io.normalize_codigo,tests/test_cruces.py,,,MUY_ALTO,KEEP,REUSE_AS_IS,P0,N/D (fuera de alcance de esta auditoria: solo diagnostico),NO,motor_tiquipaya.py:93-196,
PY-MOTOR-ATC-LEGADO,cruzar_atc(),motor_tiquipaya.py,BUSINESS_RULE,"ATC legado: NETO+COMISION=BRUTO del cierre, luego NETO<->MACROS por importe exacto + fecha bancaria >= fecha cierre (nunca anterior)",ALTA,ALTA,"ATC BRUTO=0.00 => ATC_NO_APLICA, NUNCA excepcion",,tests/test_cruces.py,,,ALTO,KEEP,REUSE_AS_IS,P1,N/D (fuera de alcance de esta auditoria: solo diagnostico),NO,motor_tiquipaya.py:203-281,
PY-MOTOR-ATC-PRECONC,cruzar_atc_preconciliado(),motor_tiquipaya.py,BUSINESS_RULE,ATC ya conciliado (hoja ATC TIQUIPAYA): cuenta/detalle/monto/asignacion literales; NUNCA cruza contra MACROS; unico control NETO+COMISION=BRUTO,ALTA,ALTA,Asignacion 'REVISAR' en ATC NUNCA bloquea; se conserva literal + advertencia ATC_ASIGNACION_REVISAR,,tests/test_atc_preconciliado.py,,,ALTO,KEEP,REUSE_AS_IS,P1,N/D (fuera de alcance de esta auditoria: solo diagnostico),NO,motor_tiquipaya.py:301-365,
PY-MOTOR-VALIDARCI,validar_ci(),motor_tiquipaya.py,BUSINESS_RULE,Valida cuenta/asignacion/importe>=0 de cada CI; separa ALQUILERES por SFC (REGLA A) sin validar formato de esas filas,ALTA,CRITICA,"REGLA A - ALQUILERES: excluidas del asiento y del universo de cuadre, se conservan separadas por SFC",excel_io.normalize_text,"tests/test_cruces.py, tests/test_asiento.py",,,MUY_ALTO,KEEP,REUSE_AS_IS,P0,N/D (fuera de alcance de esta auditoria: solo diagnostico),NO,motor_tiquipaya.py:372-458,
PY-MOTOR-EXCEPCIONES,_excepciones_voucher/_ci/_atc/_atc_asiento(),motor_tiquipaya.py,BUSINESS_RULE,"FASE 1: reempaqueta (sin recalcular) el detalle de vouchers/ci/atc en excepciones[] estructuradas con motivo_legible, para consumo del modulo de revision/correccion",ALTA,ALTA,,,"tests/test_excepciones.py, tests/test_excepciones_atc_asiento.py",,,MEDIO,KEEP,REUSE_AS_IS,P1,N/D (fuera de alcance de esta auditoria: solo diagnostico),NO,"motor_tiquipaya.py:462-573,1020-1053","Podria parecer que 'duplica' informacion ya en vouchers/ci/atc, pero es una REEMPAQUETADURA deliberada para un consumidor distinto (UI de correccion), no un recalculo: ver comentario explicito del propio codigo."
PY-MOTOR-CALCULO,calcular_universo/calcular_componentes(),motor_tiquipaya.py,BUSINESS_RULE,UNIVERSO=SFC101+SFC102 movimiento; componentes=vouchers validos+CI operativas+ATC bruto+USD activo,ALTA,CRITICA,,,"tests/test_cruces.py, test_usd_caja_me.py",,,MUY_ALTO,KEEP,REUSE_AS_IS,P0,N/D (fuera de alcance de esta auditoria: solo diagnostico),NO,motor_tiquipaya.py:651-695,
PY-MOTOR-EJECUTARV2,ejecutar_v2()/_ejecutar_v2_sobre_cierre(),motor_tiquipaya.py,BUSINESS_RULE,Orquesta ETAPA2+3+4: cuadre = universo_ajustado - recaudacion_explicada; estado OK/DIFERENCIA/BLOQUEADO_EXCEPCION/INDETERMINADO/ERROR,ALTA,CRITICA,"USD/DOLARES>0 YA NO bloquea (regla post-ETAPA8, supersede USD_CUENTA_PENDIENTE)","excel_io.py (via ejecutar_v2), funciones internas del propio modulo","tests/test_cruces.py, test_usd_caja_me.py, test_regresion_sintetica.py",,,MUY_ALTO,KEEP,REUSE_AS_IS,P0,N/D (fuera de alcance de esta auditoria: solo diagnostico),NO,motor_tiquipaya.py:698-801,
PY-MOTOR-ASIENTO,construir_asiento(),motor_tiquipaya.py,BUSINESS_RULE,"ETAPA5: arma partidas CARGO/HABER (HABER SFC101/SFC102 ajustado por ALQUILERES, VOUCHER, CI, ATC_NETO/ATC_COMISION, DOLARES) SOLO si estado=OK, 0 excepciones y diferencia=0",ALTA,CRITICA,"fecha_valor: prioridad a la fecha REAL de origen (CI FECHA2, VOUCHER FECHA DE DEPOSITO); fallback=fecha del cierre solo si no hay fecha real (ETAPA8)",,"tests/test_asiento.py, test_etapa8_ajustes.py, test_usd_caja_me.py, test_texto_posicion_fecha_valor.py",,,MUY_ALTO,KEEP,REUSE_AS_IS,P0,N/D (fuera de alcance de esta auditoria: solo diagnostico),NO,motor_tiquipaya.py:1056-1249,
PY-MOTOR-VALIDARPARTIDAS,_validar_partidas(),motor_tiquipaya.py,CONTROL,"Guardarrailes del asiento: cargo=haber, sin ALQUILERES, sin importes negativos, sin cargo+haber simultaneo, cuenta esperada por origen (VOUCHER/ATC_NETO/ATC_COMISION/DOLARES/HABER)",ALTA,CRITICA,"REGLA B adyacente: ATC_COMISION debe usar 110201008 (validado aqui, y de nuevo en sap_writer como defensa en profundidad)",,tests/test_asiento.py,,,MUY_ALTO,KEEP,REUSE_AS_IS,P0,N/D (fuera de alcance de esta auditoria: solo diagnostico),NO,motor_tiquipaya.py:978-1017,"La validacion de cuenta ATC_COMISION se repite en sap_writer._validar_precondiciones (defensa en profundidad intencional, no duplicacion accidental)."
PY-MOTOR-LOTE,ejecutar_lote_v2(),motor_tiquipaya.py,BUSINESS_RULE,Optimizacion: procesa N cierres reutilizando MACROS/ATC ya cargados (evita reabrir archivos por cierre),MEDIA,MEDIA,,,,,"Si el volumen de cierres por batch crece, cablear run_batch.py a ejecutar_lote_v2() en vez de N llamadas a procesar_cierre_completo() ahorraria N-1 aperturas de MACROS/ATC.",MEDIO,REFACTOR,REFACTOR_LATER,P2,N/D (fuera de alcance de esta auditoria: solo diagnostico),NO,motor_tiquipaya.py:1262-1334; run_batch.py:299-310,"Existe pero run_batch.py NO la usa (llama pipeline.procesar_cierre_completo() por cierre, que abre MACROS/ATC UNA vez por cierre, no una vez por lote). Posible oportunidad de rendimiento no aprovechada, o codigo muerto parcial — REQUIERE_VALIDACION_HUMANA."
PY-PIPE-MOD,pipeline_tiquipaya.py (modulo),pipeline_tiquipaya.py,BUSINESS_RULE,"ETAPA7: orquestacion operativa (idempotencia SHA256, resultado_json, manifiesto de publicacion, marcador PROCESADO). Nunca reinterpreta contabilidad.",ALTA,CRITICA,,"motor_tiquipaya.py, sap_writer.py, correcciones_tiquipaya.py, excel_io.py(via motor)","tests/test_pipeline_tiquipaya.py (32 tests), tests/test_batch.py",,,ALTO,KEEP,REUSE_AS_IS,P0,N/D (fuera de alcance de esta auditoria: solo diagnostico),NO,pipeline_tiquipaya.py:1-703,
PY-PIPE-PROCESAR,procesar_cierre_completo(),pipeline_tiquipaya.py,BUSINESS_RULE,Idempotencia por SHA256 -> ejecutar_v2 -> construir_asiento -> generar_y_validar_sap -> resultado_json; NUNCA marca PROCESADO,ALTA,CRITICA,REGLA E: idempotencia por SHA256 (nunca por nombre de archivo),"motor.ejecutar_v2/construir_asiento, sap.generar_y_validar_sap",tests/test_pipeline_tiquipaya.py,,,MUY_ALTO,KEEP,REUSE_AS_IS,P0,N/D (fuera de alcance de esta auditoria: solo diagnostico),NO,pipeline_tiquipaya.py:233-388,
PY-PIPE-MARCADOR,construir_marcador_procesado()/nombre_marcador_procesado(),pipeline_tiquipaya.py,CONTROL,"REGLA F/E: construye (nombre,contenido) del marcador PROCESADO_<SHA256>.json solo si las 4 confirmaciones de publicacion ya ocurrieron; si no, ValueError, nunca construye a medias",ALTA,CRITICA,REGLA E+F combinadas: unico punto de creacion del marcador inmutable de publicacion,,"tests/test_pipeline_tiquipaya.py, tests/test_publicar_cierre.py",,,MUY_ALTO,KEEP,REUSE_AS_IS,P0,N/D (fuera de alcance de esta auditoria: solo diagnostico),NO,pipeline_tiquipaya.py:490-541,
PY-PIPE-CORRECCION,procesar_cierre_con_correccion(),pipeline_tiquipaya.py,BUSINESS_RULE,FASE3 Parte B: aplica 1 correccion EN MEMORIA (via correcciones_tiquipaya) y reprocesa con las MISMAS funciones de ETAPA3-6; rechaza si ya_publicado,ALTA,CRITICA,REGLA C+E: un cierre YA_PUBLICADO nunca admite correcciones nuevas,"correcciones_tiquipaya.py, motor_tiquipaya._ejecutar_v2_sobre_cierre/construir_asiento, sap_writer.py",tests/test_correcciones_tiquipaya.py,,,MUY_ALTO,KEEP,REUSE_AS_IS,P0,N/D (fuera de alcance de esta auditoria: solo diagnostico),NO,pipeline_tiquipaya.py:559-703,
PY-PIPE-CSVCONTROL,registrar_procesado()/CONTROL_PROCESAMIENTO.csv,pipeline_tiquipaya.py,OUTPUT,"Camino LEGACY/FALLBACK de control de procesamiento (pre-marcador inmutable, HANDOFF s10)",BAJA,BAJA,,,tests/test_pipeline_tiquipaya.py,,"Evaluar si retirar el parametro ruta_control/CSV en V3 (nunca usado en produccion segun run_batch.py) o documentarlo explicitamente como 'legacy, no usar'.",BAJO,DEPRECATE,RETIRE_AFTER_PARITY,P3,N/D (fuera de alcance de esta auditoria: solo diagnostico),SI,pipeline_tiquipaya.py:395-471; run_batch.py:299-310 (ruta_control=None),"run_batch.procesar_cierre() llama pipeline.procesar_cierre_completo(..., ruta_control=None,...) SIEMPRE: el camino CSV esta implementado y testeado pero no esta cableado en el runner productivo actual. El marcador PROCESADO_<SHA256>.json (HANDOFF s10) es el control real."
PY-SAP-MOD,sap_writer.py (modulo),sap_writer.py,BUSINESS_RULE,"ETAPA6: copia plantilla SAP, escribe partidas del asiento YA VALIDADO, reabre y valida contra disco (nunca confia en memoria)",ALTA,CRITICA,,excel_io.py(money_str),"tests/test_sap.py (30 tests), test_etapa8_ajustes.py",,,ALTO,KEEP,REUSE_AS_IS,P0,N/D (fuera de alcance de esta auditoria: solo diagnostico),NO,sap_writer.py:1-481,
PY-SAP-PRECOND,_validar_precondiciones(),sap_writer.py,CONTROL,"Bloquea generacion si: asiento no OK, sin partidas, cargo!=haber, plantilla no encontrada/ilegible/sin hoja '1', metadata incompleta, o ATC_COMISION con cuenta 110201003",ALTA,CRITICA,"REGLA B: 110201003 prohibida SOLO si origen==ATC_COMISION (defensa en profundidad, no prohibicion global)",,tests/test_sap.py,,,MUY_ALTO,KEEP,REUSE_AS_IS,P0,N/D (fuera de alcance de esta auditoria: solo diagnostico),NO,sap_writer.py:140-185,
PY-SAP-ESCRIBIR,generar_sap()/_escribir_cabecera/_escribir_partidas(),sap_writer.py,OUTPUT,Copia plantilla (shutil.copyfile) y escribe SOLO columnas autorizadas; verifica que la plantilla original no cambio (hash antes/despues),ALTA,CRITICA,"REGLA D: original (plantilla) inmutable, verificado por hash",openpyxl,tests/test_sap.py,,,MUY_ALTO,KEEP,REUSE_AS_IS,P0,N/D (fuera de alcance de esta auditoria: solo diagnostico),NO,sap_writer.py:192-287,
PY-SAP-VALIDAR,validar_sap()/_validar_partidas_escritas/_validar_columnas_no_autorizadas(),sap_writer.py,CONTROL,Reabre el .xlsx REAL desde disco y compara celda a celda contra el asiento fuente + detecta escritura fuera de columnas autorizadas comparando contra la plantilla,ALTA,CRITICA,,openpyxl,tests/test_sap.py,,,MUY_ALTO,KEEP,REUSE_AS_IS,P0,N/D (fuera de alcance de esta auditoria: solo diagnostico),NO,sap_writer.py:294-448,
PY-CORR-MOD,"correcciones_tiquipaya.py (modulo, FASE3 Parte B)",correcciones_tiquipaya.py,BUSINESS_RULE,Valida schema+version_correccion+sha256_origen de una correccion del auditor y la aplica EN MEMORIA (deepcopy) sobre lo ya leido por excel_io; motor_tiquipaya NO se entera,ALTA,CRITICA,"REGLA C: solo cuenta_contable/asignacion (CI), codigo_informado-entre-candidatos (VOUCHER), *_cuenta_contable/*_asignacion (ATC); IMPORTES NUNCA corregibles",motor_tiquipaya.cruzar_vouchers (solo para validar candidatos),tests/test_correcciones_tiquipaya.py (17 tests),,,MUY_ALTO,KEEP,REUSE_AS_IS,P0,N/D (fuera de alcance de esta auditoria: solo diagnostico),NO,correcciones_tiquipaya.py:1-377,
PY-CORR-CAMPOS,CAMPOS_CORREGIBLES (constante),correcciones_tiquipaya.py,BUSINESS_RULE,Fuente unica de verdad de que campo es corregible por categoria; leida en vivo por n8n via 'python3 -c import correcciones_tiquipaya' (Execute Command),ALTA,CRITICA,REGLA C,,,HANDOFF_CODE_V2.md desactualizado en este punto especifico (deuda documental).,"Corregir la tabla de HANDOFF_CODE_V2.md s16.3 para que diga 'cuenta_contable, asignacion' (sin glosa), o decidir explicitamente si 'glosa' deberia agregarse a CAMPOS_CORREGIBLES.",MUY_ALTO,KEEP,REUSE_AS_IS,P0,N/D (fuera de alcance de esta auditoria: solo diagnostico),NO,correcciones_tiquipaya.py:79-86; HANDOFF_CODE_V2.md:1330-1334,
PY-RUNBATCH-MOD,"run_batch.py (modulo, CLI)",run_batch.py,INTEGRATION,"Runner canonico: recorre rango de fechas de un mismo mes, resuelve idempotencia via marcadores, llama pipeline por cierre, escribe resultado_batch.json",ALTA,CRITICA,,"pipeline_tiquipaya.py, excel_io.normalize_compact",tests/test_run_batch.py (29 tests),,,ALTO,KEEP,REUSE_AS_IS,P0,N/D (fuera de alcance de esta auditoria: solo diagnostico),NO,run_batch.py:1-516,
PY-RUNBATCH-MARCADORES,cargar_marcadores_procesados()/_cargar_marcadores_de_directorio(),run_batch.py,CONTROL,Lee PROCESADO_<SHA256>.json desde --marcadores-dir (nuevo) con fallback a --controles-dir (legacy); un mismo hash en ambos lugares nunca se duplica,ALTA,CRITICA,REGLA E: fuente autoritativa de idempotencia en produccion,,tests/test_run_batch.py,,,ALTO,KEEP,REUSE_AS_IS,P0,N/D (fuera de alcance de esta auditoria: solo diagnostico),NO,run_batch.py:189-262,
PY-RUNBATCH-MAESTRO,validar_maestro(),run_batch.py,CONTROL,"Verifica existencia, hoja ATC TIQUIPAYA presente, y coincidencia de mes por nombre de archivo (si es determinable); nunca corrige/adivina",ALTA,ALTA,,"openpyxl, normalize_compact",tests/test_run_batch.py,,,MEDIO,KEEP,REUSE_AS_IS,P1,N/D (fuera de alcance de esta auditoria: solo diagnostico),NO,run_batch.py:155-182,
PY-APLICARCORR-MOD,"aplicar_correccion.py (CLI, FASE3 Parte B)",aplicar_correccion.py,INTEGRATION,"CLI que valida consistencia --resultado/--correccion, rechaza si YA_PUBLICADO, resuelve idempotencia por (sha256_origen, version_correccion) via nombre de archivo de REPROCESOS/, y registra trazabilidad en CORRECCIONES_AUDITOR/",ALTA,CRITICA,REGLA C+E,"correcciones_tiquipaya.py, pipeline_tiquipaya.procesar_cierre_con_correccion, run_batch.py(reuso de helpers)","No tiene tests/test_aplicar_correccion.py dedicado; cubierto indirectamente por tests/test_correcciones_tiquipaya.py (la logica de negocio) pero el CLI en si (parsing de argv, --correccion-sin-version, registro de trazabilidad) no tiene test propio","Sin test de integracion end-to-end del propio CLI (argparse, registro CSV, idempotencia de archivo YA_APLICADA).","Agregar tests/test_aplicar_correccion.py que ejercite main() end-to-end (idempotencia YA_APLICADA, REPROCESO_CONFLICTO, CIERRE_YA_PUBLICADO_NO_CORREGIBLE).",ALTO,KEEP,REUSE_AS_IS,P0,N/D (fuera de alcance de esta auditoria: solo diagnostico),NO,aplicar_correccion.py:1-311,
PY-PUBLICARCIERRE-MOD,publicar_cierre.py (CLI),publicar_cierre.py,INTEGRATION,"CLI minimo sobre pipeline.construir_marcador_procesado(): construye el marcador LOCAL, nunca sube a Drive",ALTA,CRITICA,REGLA F/E,pipeline_tiquipaya.py,tests/test_publicar_cierre.py (13 tests),,,ALTO,KEEP,REUSE_AS_IS,P0,N/D (fuera de alcance de esta auditoria: solo diagnostico),NO,publicar_cierre.py:1-146,
PY-CONSOL-MOD,"consolidador_mensual.py (modulo, posterior al V2 diario)",consolidador_mensual.py,BUSINESS_RULE,Consolida SAP diarios YA VALIDADOS/PUBLICADOS en un NUEVO SAP_GLOBAL mensual; SAP diarios y plantilla SIEMPRE solo lectura; nunca agrupa partidas,ALTA,ALTA,"Riesgo de doble contabilizacion documentado explicitamente: GLOBAL reemplaza a los diarios, decision operativa fuera del script",openpyxl,tests/test_consolidador_mensual.py (50 tests),,,ALTO,KEEP,REUSE_AS_IS,P1,N/D (fuera de alcance de esta auditoria: solo diagnostico),NO,consolidador_mensual.py:1-632; HANDOFF_CODE_V2.md s13,
PY-CTRL1-MOD,control_asignaciones.py (CONTROL 1),control_asignaciones.py,CONTROL,Audita ZUONR(Asignacion) del GLOBAL: duplicados dentro del mes y contra HISTORICO_ASIGNACIONES.csv; corrige SOLO columna R tras validacion 100% humana en Excel/JSON,ALTA,ALTA,Exclusiones: SFC101/SFC102/TIQUIPAYA <MES>/cuenta 110201008; FORTALEZA SIEMPRE se evalua; GLOBAL read-only mientras haya alertas sin validar,openpyxl,tests/test_control_asignaciones.py (64 tests),,,MUY_ALTO,KEEP,REUSE_AS_IS,P1,N/D (fuera de alcance de esta auditoria: solo diagnostico),NO,control_asignaciones.py:1-1370; HANDOFF_CODE_V2.md s14,
PY-CTRL3-MOD,control_cxc_cxp.py (CONTROL 3),control_cxc_cxp.py,CONTROL,"Seguimiento acumulado CxC/CxP (6 cuentas fijas) leyendo el GLOBAL (solo lectura); calcula saldo acumulado, clasifica ABIERTO/CERRADO/REVISAR, permite cierre manual del auditor",ALTA,ALTA,"Idempotencia PENDIENTE->APLICADO por periodo+SHA (nunca por sha256_global_ultimo mutable — bug real ya corregido, ver HANDOFF s15)",openpyxl,tests/test_control_cxc_cxp.py (55-56 tests),,,ALTO,KEEP,REUSE_AS_IS,P1,N/D (fuera de alcance de esta auditoria: solo diagnostico),NO,control_cxc_cxp.py:1-1353; HANDOFF_CODE_V2.md s15,
PY-FRONTEND-MOD,n8n_frontend/revision_correccion.html,n8n_frontend/revision_correccion.html,UI_COMPONENT,"SPA estatica HTML/CSS/JS sin build ni framework; consume 5 endpoints n8n (/datos,/observacion,/pendiente,/corregir,/publicar-listos); nunca decide nada, solo pinta y valida forma minima de UI",MEDIA,MEDIA,Rutas SIEMPRE relativas (nunca dominio de Codespaces) para portabilidad a hosting futuro; modo ?demo=1 aislado del flujo real,n8n webhooks (FASE3 - Webhook *),NINGUNA (no hay test automatizado de frontend/JS en el repo; validacion es manual/visual segun HANDOFF s16.4 punto 5),"Sin autenticacion (diferida por diseño); localStorage usado solo para conveniencia (resultados_dir/auditor), no para nada critico.","Agregar aunque sea un smoke-test (ej. Playwright/puppeteer) para el flujo demo (?demo=1), que no depende de n8n ni Python.",MEDIO,KEEP,REUSE_AS_IS,P2,N/D (fuera de alcance de esta auditoria: solo diagnostico),NO,n8n_frontend/revision_correccion.html:1-1087,
PY-HANDOFF-DOC,HANDOFF_CODE_V2.md,HANDOFF_CODE_V2.md,DATA_ARTIFACT,"Documento maestro de handoff: arquitectura, reglas tecnicas criticas, historial de etapas 1-16, contratos operativos",ALTA,ALTA,,,,"Documentacion desincronizada del working tree (deuda documental, no de codigo).","Actualizar la cabecera de la seccion 16 para reflejar que FASE 3 (Parte A y B) ya esta implementada, o agregar una seccion 17 nueva que lo confirme.",BAJO,KEEP,REUSE_AS_IS,P1,N/D (fuera de alcance de esta auditoria: solo diagnostico),NO,HANDOFF_CODE_V2.md:1216-1222 vs working tree completo,
PY-STARTN8N,scripts/start_n8n.sh,scripts/start_n8n.sh,INTEGRATION,"Arranque reproducible de n8n self-hosted para el POC (NODES_EXCLUDE vacio para habilitar Execute Command, N8N_RESTRICT_FILE_ACCESS_TO ampliado, N8N_EDITOR_BASE_URL/WEBHOOK_URL derivados del Codespace)",ALTA,ALTA,,n8n (binario),,"La habilitacion de Execute Command es a nivel de INSTANCIA n8n, no por workflow: no hay aislamiento entre el POC y cualquier otro workflow futuro en el mismo Codespace.",,MEDIO,KEEP,REUSE_AS_IS,P1,N/D (fuera de alcance de esta auditoria: solo diagnostico),NO,scripts/start_n8n.sh:1-30,
N8N-51a885e8-7baf-41ca-925a-4ac4f1d184a2,INICIO - Procesar cierres,"TIQ · PROCESAR CIERRES PENDIENTES · POC (n8n, LkS0RHu9KEbHCR4p)",N8N_NODE,Disparo manual desde el editor n8n (uso dev/test),BAJA,BAJA,,,NINGUNA (n8n no tiene test runner propio en este repo),,,MEDIO,KEEP,KEEP_IN_N8N,P3,N/D (fuera de alcance de esta auditoria: solo diagnostico),NO,"n8n sqlite workflow_entity.nodes/connections, id LkS0RHu9KEbHCR4p, node 'INICIO - Procesar cierres'",
N8N-ff420bb6-d90f-4320-a213-6b207bb22d47,PARAMETROS - Rango y rutas,"TIQ · PROCESAR CIERRES PENDIENTES · POC (n8n, LkS0RHu9KEbHCR4p)",DATA_ARTIFACT,Define/normaliza campos (parametros o resultado literal),MEDIA,MEDIA,,,NINGUNA (n8n no tiene test runner propio en este repo),,,MEDIO,KEEP,KEEP_IN_N8N,P2,N/D (fuera de alcance de esta auditoria: solo diagnostico),NO,"n8n sqlite workflow_entity.nodes/connections, id LkS0RHu9KEbHCR4p, node 'PARAMETROS - Rango y rutas'",
N8N-22001b51-32e0-4c2a-bb28-a208d511bf90,EJECUTAR - Motor Python,"TIQ · PROCESAR CIERRES PENDIENTES · POC (n8n, LkS0RHu9KEbHCR4p)",INTEGRATION,"Ejecuta comando shell/CLI: =cd /workspaces/caja-tiquipaya-v2 && /workspaces/.venv-caja/bin/python3 run_batch.py --fecha-inicio ""{{ $json.fecha_inicio }}"" --fecha-fin ""{{ $json.fecha_fin }}"" --cierres-dir ""{{",ALTA,CRITICA,Orquesta la ejecucion de run_batch.py sobre un rango de fechas de un mismo mes,run_batch.py,"run_batch.py tiene 29 tests propios (tests/test_run_batch.py), pero ninguno cubre la superficie de inyeccion vía n8n Execute Command (ese wiring no tiene test).","Los parametros (fecha_inicio/fin, rutas) llegan de un Set anterior sin validacion de forma (regex fecha, path traversal) antes de interpolarse en el comando.","Añadir validacion de forma de cada parametro antes del Execute Command, o mover a un wrapper que use subprocess con lista de argv (sin shell) en vez de string interpolado.",ALTO,KEEP,KEEP_IN_N8N,P0,N/D (fuera de alcance de esta auditoria: solo diagnostico),NO,"n8n sqlite workflow_entity.nodes/connections, id LkS0RHu9KEbHCR4p, node 'EJECUTAR - Motor Python'",
N8N-3b512bde-db76-4319-b8b2-76e936cb387e,ERROR TECNICO - Revisar ejecucion,"TIQ · PROCESAR CIERRES PENDIENTES · POC (n8n, LkS0RHu9KEbHCR4p)",DATA_ARTIFACT,Define/normaliza campos (parametros o resultado literal),MEDIA,MEDIA,,,NINGUNA (n8n no tiene test runner propio en este repo),,,MEDIO,KEEP,KEEP_IN_N8N,P2,N/D (fuera de alcance de esta auditoria: solo diagnostico),NO,"n8n sqlite workflow_entity.nodes/connections, id LkS0RHu9KEbHCR4p, node 'ERROR TECNICO - Revisar ejecucion'",
N8N-ad5ed279-ca87-4bf8-ab47-b27e71b7c65e,LEER - Resultado del batch,"TIQ · PROCESAR CIERRES PENDIENTES · POC (n8n, LkS0RHu9KEbHCR4p)",DATA_ARTIFACT,Lee/escribe archivo local (?),MEDIA,MEDIA,,,NINGUNA (n8n no tiene test runner propio en este repo),,,MEDIO,KEEP,KEEP_IN_N8N,P2,N/D (fuera de alcance de esta auditoria: solo diagnostico),NO,"n8n sqlite workflow_entity.nodes/connections, id LkS0RHu9KEbHCR4p, node 'LEER - Resultado del batch'",
N8N-4b700758-a32e-4734-897a-c930dcf5f2c5,INTERPRETAR - JSON del motor,"TIQ · PROCESAR CIERRES PENDIENTES · POC (n8n, LkS0RHu9KEbHCR4p)",DATA_ARTIFACT,Convierte binario a JSON (fromJson),MEDIA,MEDIA,,,NINGUNA (n8n no tiene test runner propio en este repo),,,MEDIO,KEEP,KEEP_IN_N8N,P2,N/D (fuera de alcance de esta auditoria: solo diagnostico),NO,"n8n sqlite workflow_entity.nodes/connections, id LkS0RHu9KEbHCR4p, node 'INTERPRETAR - JSON del motor'",
N8N-2382e79d-e04a-484d-9c79-702f22536d21,DECIDIR - Estado del cierre,"TIQ · PROCESAR CIERRES PENDIENTES · POC (n8n, LkS0RHu9KEbHCR4p)",CONTROL,Bifurcacion multi-rama,ALTA,CRITICA,"Prioridad conservadora de clasificacion (ERROR TECNICO > REVISAR > OK > SIN ACCION), ver Sticky Note 3a393b14",,NINGUNA (n8n no tiene test runner propio en este repo),,,ALTO,KEEP,KEEP_IN_N8N,P0,N/D (fuera de alcance de esta auditoria: solo diagnostico),NO,"n8n sqlite workflow_entity.nodes/connections, id LkS0RHu9KEbHCR4p, node 'DECIDIR - Estado del cierre'",
N8N-f5241a82-31c9-401c-a686-33ece5350e42,REVISAR - Requiere auditor,"TIQ · PROCESAR CIERRES PENDIENTES · POC (n8n, LkS0RHu9KEbHCR4p)",DATA_ARTIFACT,Define/normaliza campos (parametros o resultado literal),MEDIA,MEDIA,,,NINGUNA (n8n no tiene test runner propio en este repo),,,MEDIO,KEEP,KEEP_IN_N8N,P2,N/D (fuera de alcance de esta auditoria: solo diagnostico),NO,"n8n sqlite workflow_entity.nodes/connections, id LkS0RHu9KEbHCR4p, node 'REVISAR - Requiere auditor'",
N8N-7d99c349-be6b-4997-9ff7-f22fcfc99a56,OK - Listo para publicar,"TIQ · PROCESAR CIERRES PENDIENTES · POC (n8n, LkS0RHu9KEbHCR4p)",DATA_ARTIFACT,Define/normaliza campos (parametros o resultado literal),MEDIA,MEDIA,,,NINGUNA (n8n no tiene test runner propio en este repo),,,MEDIO,KEEP,KEEP_IN_N8N,P2,N/D (fuera de alcance de esta auditoria: solo diagnostico),NO,"n8n sqlite workflow_entity.nodes/connections, id LkS0RHu9KEbHCR4p, node 'OK - Listo para publicar'",
N8N-73c20baf-7677-4dd4-b199-ba3c35a4af2d,SIN ACCION - Ya procesado o sin archivo,"TIQ · PROCESAR CIERRES PENDIENTES · POC (n8n, LkS0RHu9KEbHCR4p)",DATA_ARTIFACT,Define/normaliza campos (parametros o resultado literal),MEDIA,MEDIA,,,NINGUNA (n8n no tiene test runner propio en este repo),,,MEDIO,KEEP,KEEP_IN_N8N,P2,N/D (fuera de alcance de esta auditoria: solo diagnostico),NO,"n8n sqlite workflow_entity.nodes/connections, id LkS0RHu9KEbHCR4p, node 'SIN ACCION - Ya procesado o sin archivo'",
N8N-850a2707-6b7c-4d35-94a7-b8092d6197a7,Sticky Note aa463ce9,"TIQ · PROCESAR CIERRES PENDIENTES · POC (n8n, LkS0RHu9KEbHCR4p)",DOCUMENTACION_VISUAL,Nota visual/documentacion del canvas (sin logica),BAJA,BAJA,,,NINGUNA (n8n no tiene test runner propio en este repo),,,MEDIO,KEEP,KEEP_IN_N8N,P3,N/D (fuera de alcance de esta auditoria: solo diagnostico),NO,"n8n sqlite workflow_entity.nodes/connections, id LkS0RHu9KEbHCR4p, node 'Sticky Note aa463ce9'",
N8N-02faf336-dcc5-4546-8633-f7efde583845,Sticky Note 3a393b14,"TIQ · PROCESAR CIERRES PENDIENTES · POC (n8n, LkS0RHu9KEbHCR4p)",DOCUMENTACION_VISUAL,Nota visual/documentacion del canvas (sin logica),BAJA,BAJA,,,NINGUNA (n8n no tiene test runner propio en este repo),,,MEDIO,KEEP,KEEP_IN_N8N,P3,N/D (fuera de alcance de esta auditoria: solo diagnostico),NO,"n8n sqlite workflow_entity.nodes/connections, id LkS0RHu9KEbHCR4p, node 'Sticky Note 3a393b14'",
N8N-2530e19b-2143-46a7-b6ff-4ac8e2f4f1d8,VALIDAR - Estructura del resultado,"TIQ · PROCESAR CIERRES PENDIENTES · POC (n8n, LkS0RHu9KEbHCR4p)",CONTROL,Bifurcacion booleana,ALTA,CRITICA,Verifica tecnica de resumen_estados/cierres antes de clasificar; nunca reclasifica estados contables,,NINGUNA (n8n no tiene test runner propio en este repo),,,ALTO,KEEP,KEEP_IN_N8N,P0,N/D (fuera de alcance de esta auditoria: solo diagnostico),NO,"n8n sqlite workflow_entity.nodes/connections, id LkS0RHu9KEbHCR4p, node 'VALIDAR - Estructura del resultado'",
N8N-47a9622e-180f-4f50-b0a3-87a54cee2adb,PARAMETROS - Rango (desde formulario),"TIQ · PROCESAR CIERRES PENDIENTES · POC (n8n, LkS0RHu9KEbHCR4p)",DATA_ARTIFACT,Define/normaliza campos (parametros o resultado literal),MEDIA,MEDIA,,,NINGUNA (n8n no tiene test runner propio en este repo),,,MEDIO,KEEP,KEEP_IN_N8N,P2,N/D (fuera de alcance de esta auditoria: solo diagnostico),NO,"n8n sqlite workflow_entity.nodes/connections, id LkS0RHu9KEbHCR4p, node 'PARAMETROS - Rango (desde formulario)'",
N8N-a94796ef-0ecc-4650-ab26-cc1459829d2a,BUSCAR - Cierre del dia en Drive,"TIQ · PROCESAR CIERRES PENDIENTES · POC (n8n, LkS0RHu9KEbHCR4p)",INTEGRATION,Google Drive: fileFolder.?,ALTA,ALTA,REGLA G: debe usar coincidencia EXACTA de nombre (nunca 'primer resultado'); ver incidente cierre 09 vs 11/10/09 en HANDOFF/prompt de auditoria,,NINGUNA (n8n no tiene test runner propio en este repo),Riesgo si se reintroduce logica de 'tomar el primer resultado' de una busqueda con múltiples coincidencias (incidente real ya corregido una vez).,,ALTO,KEEP,KEEP_IN_N8N,P1,N/D (fuera de alcance de esta auditoria: solo diagnostico),NO,"n8n sqlite workflow_entity.nodes/connections, id LkS0RHu9KEbHCR4p, node 'BUSCAR - Cierre del dia en Drive'",
N8N-44fb9067-a4af-40f8-8d7d-032fbd9393f7,DESCARGAR - Cierre del dia,"TIQ · PROCESAR CIERRES PENDIENTES · POC (n8n, LkS0RHu9KEbHCR4p)",INTEGRATION,Google Drive: file.download,ALTA,ALTA,,,NINGUNA (n8n no tiene test runner propio en este repo),,,ALTO,KEEP,KEEP_IN_N8N,P1,N/D (fuera de alcance de esta auditoria: solo diagnostico),NO,"n8n sqlite workflow_entity.nodes/connections, id LkS0RHu9KEbHCR4p, node 'DESCARGAR - Cierre del dia'",
N8N-f00ca49e-3964-4062-b145-2026fabe03bf,ESCRIBIR - Cierre a disco,"TIQ · PROCESAR CIERRES PENDIENTES · POC (n8n, LkS0RHu9KEbHCR4p)",DATA_ARTIFACT,Lee/escribe archivo local (write),MEDIA,MEDIA,,,NINGUNA (n8n no tiene test runner propio en este repo),,,MEDIO,KEEP,KEEP_IN_N8N,P2,N/D (fuera de alcance de esta auditoria: solo diagnostico),NO,"n8n sqlite workflow_entity.nodes/connections, id LkS0RHu9KEbHCR4p, node 'ESCRIBIR - Cierre a disco'",
N8N-52ecec08-52f4-4947-a944-5918e404527e,BUSCAR - Carpeta del mes (Maestro),"TIQ · PROCESAR CIERRES PENDIENTES · POC (n8n, LkS0RHu9KEbHCR4p)",INTEGRATION,Google Drive: fileFolder.?,ALTA,ALTA,,,NINGUNA (n8n no tiene test runner propio en este repo),,,ALTO,KEEP,KEEP_IN_N8N,P1,N/D (fuera de alcance de esta auditoria: solo diagnostico),NO,"n8n sqlite workflow_entity.nodes/connections, id LkS0RHu9KEbHCR4p, node 'BUSCAR - Carpeta del mes (Maestro)'",
N8N-4d3eef09-0e72-4163-9fe8-4a2c34dc62a2,BUSCAR - Archivo MACROS del mes,"TIQ · PROCESAR CIERRES PENDIENTES · POC (n8n, LkS0RHu9KEbHCR4p)",INTEGRATION,Google Drive: fileFolder.?,ALTA,ALTA,,,NINGUNA (n8n no tiene test runner propio en este repo),,,ALTO,KEEP,KEEP_IN_N8N,P1,N/D (fuera de alcance de esta auditoria: solo diagnostico),NO,"n8n sqlite workflow_entity.nodes/connections, id LkS0RHu9KEbHCR4p, node 'BUSCAR - Archivo MACROS del mes'",
N8N-8f8ab634-28ba-4baa-b664-6ae1f57bc100,DESCARGAR - Maestro del mes,"TIQ · PROCESAR CIERRES PENDIENTES · POC (n8n, LkS0RHu9KEbHCR4p)",INTEGRATION,Google Drive: file.download,ALTA,ALTA,,,NINGUNA (n8n no tiene test runner propio en este repo),,,ALTO,KEEP,KEEP_IN_N8N,P1,N/D (fuera de alcance de esta auditoria: solo diagnostico),NO,"n8n sqlite workflow_entity.nodes/connections, id LkS0RHu9KEbHCR4p, node 'DESCARGAR - Maestro del mes'",
N8N-30c65881-021c-4c24-9036-9494d3ec1165,ESCRIBIR - Maestro a disco,"TIQ · PROCESAR CIERRES PENDIENTES · POC (n8n, LkS0RHu9KEbHCR4p)",DATA_ARTIFACT,Lee/escribe archivo local (write),MEDIA,MEDIA,,,NINGUNA (n8n no tiene test runner propio en este repo),,,MEDIO,KEEP,KEEP_IN_N8N,P2,N/D (fuera de alcance de esta auditoria: solo diagnostico),NO,"n8n sqlite workflow_entity.nodes/connections, id LkS0RHu9KEbHCR4p, node 'ESCRIBIR - Maestro a disco'",
N8N-f58912c6-d3af-42fb-ae6e-49b5c5bf64e4,DESCARGAR - Plantilla SAP,"TIQ · PROCESAR CIERRES PENDIENTES · POC (n8n, LkS0RHu9KEbHCR4p)",INTEGRATION,Google Drive: file.download,ALTA,ALTA,,,NINGUNA (n8n no tiene test runner propio en este repo),,,ALTO,KEEP,KEEP_IN_N8N,P1,N/D (fuera de alcance de esta auditoria: solo diagnostico),NO,"n8n sqlite workflow_entity.nodes/connections, id LkS0RHu9KEbHCR4p, node 'DESCARGAR - Plantilla SAP'",
N8N-5982d8f0-9661-4db0-86fb-9148631c34af,ESCRIBIR - Plantilla a disco,"TIQ · PROCESAR CIERRES PENDIENTES · POC (n8n, LkS0RHu9KEbHCR4p)",DATA_ARTIFACT,Lee/escribe archivo local (write),MEDIA,MEDIA,,,NINGUNA (n8n no tiene test runner propio en este repo),,,MEDIO,KEEP,KEEP_IN_N8N,P2,N/D (fuera de alcance de esta auditoria: solo diagnostico),NO,"n8n sqlite workflow_entity.nodes/connections, id LkS0RHu9KEbHCR4p, node 'ESCRIBIR - Plantilla a disco'",
N8N-5a0ce27b-0182-4ff0-8f01-d5f614a437b8,BUSCAR - Marcadores existentes,"TIQ · PROCESAR CIERRES PENDIENTES · POC (n8n, LkS0RHu9KEbHCR4p)",INTEGRATION,Google Drive: fileFolder.?,ALTA,ALTA,,,NINGUNA (n8n no tiene test runner propio en este repo),,,ALTO,KEEP,KEEP_IN_N8N,P1,N/D (fuera de alcance de esta auditoria: solo diagnostico),NO,"n8n sqlite workflow_entity.nodes/connections, id LkS0RHu9KEbHCR4p, node 'BUSCAR - Marcadores existentes'",
N8N-9c54ef6c-5cf6-4fd9-995b-83381f50efb5,DESCARGAR - Marcador,"TIQ · PROCESAR CIERRES PENDIENTES · POC (n8n, LkS0RHu9KEbHCR4p)",INTEGRATION,Google Drive: file.download,ALTA,ALTA,,,NINGUNA (n8n no tiene test runner propio en este repo),,,ALTO,KEEP,KEEP_IN_N8N,P1,N/D (fuera de alcance de esta auditoria: solo diagnostico),NO,"n8n sqlite workflow_entity.nodes/connections, id LkS0RHu9KEbHCR4p, node 'DESCARGAR - Marcador'",
N8N-cc698153-77f1-42d5-91dc-b1e79fb3bc13,ESCRIBIR - Marcador a disco,"TIQ · PROCESAR CIERRES PENDIENTES · POC (n8n, LkS0RHu9KEbHCR4p)",DATA_ARTIFACT,Lee/escribe archivo local (write),MEDIA,MEDIA,,,NINGUNA (n8n no tiene test runner propio en este repo),,,MEDIO,KEEP,KEEP_IN_N8N,P2,N/D (fuera de alcance de esta auditoria: solo diagnostico),NO,"n8n sqlite workflow_entity.nodes/connections, id LkS0RHu9KEbHCR4p, node 'ESCRIBIR - Marcador a disco'",
N8N-45c28470-3abf-4f85-9858-1dd3e89cee62,MATERIALIZAR - Rutas locales (Drive real),"TIQ · PROCESAR CIERRES PENDIENTES · POC (n8n, LkS0RHu9KEbHCR4p)",DATA_ARTIFACT,Define/normaliza campos (parametros o resultado literal),MEDIA,MEDIA,,,NINGUNA (n8n no tiene test runner propio en este repo),,,MEDIO,KEEP,KEEP_IN_N8N,P2,N/D (fuera de alcance de esta auditoria: solo diagnostico),NO,"n8n sqlite workflow_entity.nodes/connections, id LkS0RHu9KEbHCR4p, node 'MATERIALIZAR - Rutas locales (Drive real)'",
N8N-dc1f77c7-a218-42d9-beeb-e07cfc5b9947,CONFIRMAR - Aprobacion del auditor,"TIQ · PROCESAR CIERRES PENDIENTES · POC (n8n, LkS0RHu9KEbHCR4p)",UI_COMPONENT,Pausa la ejecucion esperando confirmacion humana via formulario nativo (Wait+Form),MEDIA,MEDIA,REGLA F: aprobacion humana obligatoria antes de publicar un cierre OK,,NINGUNA (n8n no tiene test runner propio en este repo),,,MEDIO,KEEP,KEEP_IN_N8N,P2,N/D (fuera de alcance de esta auditoria: solo diagnostico),NO,"n8n sqlite workflow_entity.nodes/connections, id LkS0RHu9KEbHCR4p, node 'CONFIRMAR - Aprobacion del auditor'",
N8N-0a931302-603c-4aeb-be7a-40902e022aab,DECIDIR - Aprobado,"TIQ · PROCESAR CIERRES PENDIENTES · POC (n8n, LkS0RHu9KEbHCR4p)",CONTROL,Bifurcacion booleana,ALTA,ALTA,,,NINGUNA (n8n no tiene test runner propio en este repo),,,ALTO,KEEP,KEEP_IN_N8N,P1,N/D (fuera de alcance de esta auditoria: solo diagnostico),NO,"n8n sqlite workflow_entity.nodes/connections, id LkS0RHu9KEbHCR4p, node 'DECIDIR - Aprobado'",
N8N-523f0780-12b1-40e1-bf98-76bc612246b2,PUBLICACION - Rechazada por auditor,"TIQ · PROCESAR CIERRES PENDIENTES · POC (n8n, LkS0RHu9KEbHCR4p)",DATA_ARTIFACT,Define/normaliza campos (parametros o resultado literal),MEDIA,MEDIA,,,NINGUNA (n8n no tiene test runner propio en este repo),,,MEDIO,KEEP,KEEP_IN_N8N,P2,N/D (fuera de alcance de esta auditoria: solo diagnostico),NO,"n8n sqlite workflow_entity.nodes/connections, id LkS0RHu9KEbHCR4p, node 'PUBLICACION - Rechazada por auditor'",
N8N-5b4733d2-85a7-45c7-8c10-c9678712307b,EJECUTAR - Generar marcador local (publicar_cierre.py),"TIQ · PROCESAR CIERRES PENDIENTES · POC (n8n, LkS0RHu9KEbHCR4p)",INTEGRATION,"Ejecuta comando shell/CLI: =cd /workspaces/caja-tiquipaya-v2 && /workspaces/.venv-caja/bin/python3 publicar_cierre.py --resultado ""{{ $('OK - Listo para publicar').item.json.data.cierres[0].ruta_resultado }}",ALTA,ALTA,REGLA F/E: genera el marcador PROCESADO_<SHA256>.json solo tras las 4 confirmaciones (HANDOFF s10),publicar_cierre.py,Indirecta via tests de run_batch.py/aplicar_correccion.py/publicar_cierre.py (n8n no tiene test runner propio en este repo),"Las 4 confirmaciones booleanas de publicar_cierre.py dependen implicitamente del orden/on-error de los nodos anteriores en el canvas, no de una verificacion explicita en el momento de invocar el CLI.",Que n8n derive cada confirmacion del resultado real del nodo Google Drive correspondiente (ej. SUBIR SAP devolvio un fileId) en vez de un literal 'true'.,ALTO,KEEP,KEEP_IN_N8N,P1,N/D (fuera de alcance de esta auditoria: solo diagnostico),NO,"n8n sqlite workflow_entity.nodes/connections, id LkS0RHu9KEbHCR4p, node 'EJECUTAR - Generar marcador local (publicar_cierre.py)'",
N8N-ae4feca3-5d82-4119-b902-ea0f21b9d1e2,FIN - Publicacion completa en Drive,"TIQ · PROCESAR CIERRES PENDIENTES · POC (n8n, LkS0RHu9KEbHCR4p)",DATA_ARTIFACT,Define/normaliza campos (parametros o resultado literal),MEDIA,MEDIA,,,NINGUNA (n8n no tiene test runner propio en este repo),,,MEDIO,KEEP,KEEP_IN_N8N,P2,N/D (fuera de alcance de esta auditoria: solo diagnostico),NO,"n8n sqlite workflow_entity.nodes/connections, id LkS0RHu9KEbHCR4p, node 'FIN - Publicacion completa en Drive'",
N8N-f9723411-6a9d-485d-91bd-3ed65b2e93c4,PUBLICACION - Marcador no autorizado,"TIQ · PROCESAR CIERRES PENDIENTES · POC (n8n, LkS0RHu9KEbHCR4p)",DATA_ARTIFACT,Define/normaliza campos (parametros o resultado literal),MEDIA,MEDIA,,,NINGUNA (n8n no tiene test runner propio en este repo),,,MEDIO,KEEP,KEEP_IN_N8N,P2,N/D (fuera de alcance de esta auditoria: solo diagnostico),NO,"n8n sqlite workflow_entity.nodes/connections, id LkS0RHu9KEbHCR4p, node 'PUBLICACION - Marcador no autorizado'",
N8N-4ff2a141-3d57-4594-9ff7-7c9b96d64340,Sticky Note Publicacion,"TIQ · PROCESAR CIERRES PENDIENTES · POC (n8n, LkS0RHu9KEbHCR4p)",DOCUMENTACION_VISUAL,Nota visual/documentacion del canvas (sin logica),BAJA,BAJA,,,NINGUNA (n8n no tiene test runner propio en este repo),,,MEDIO,KEEP,KEEP_IN_N8N,P3,N/D (fuera de alcance de esta auditoria: solo diagnostico),NO,"n8n sqlite workflow_entity.nodes/connections, id LkS0RHu9KEbHCR4p, node 'Sticky Note Publicacion'",
N8N-6032ec26-f13f-47b3-9102-6053404efb5b,BUSCAR - Carpeta del mes en 04_SALIDAS,"TIQ · PROCESAR CIERRES PENDIENTES · POC (n8n, LkS0RHu9KEbHCR4p)",INTEGRATION,Google Drive: fileFolder.?,ALTA,ALTA,REGLA G: debe usar coincidencia EXACTA de nombre (nunca 'primer resultado'); ver incidente cierre 09 vs 11/10/09 en HANDOFF/prompt de auditoria,,NINGUNA (n8n no tiene test runner propio en este repo),Riesgo si se reintroduce logica de 'tomar el primer resultado' de una busqueda con múltiples coincidencias (incidente real ya corregido una vez).,,ALTO,KEEP,KEEP_IN_N8N,P1,N/D (fuera de alcance de esta auditoria: solo diagnostico),NO,"n8n sqlite workflow_entity.nodes/connections, id LkS0RHu9KEbHCR4p, node 'BUSCAR - Carpeta del mes en 04_SALIDAS'",
N8N-cf9b544e-67bd-49d5-a590-effb15b7a22e,BUSCAR - Carpeta SAP del mes,"TIQ · PROCESAR CIERRES PENDIENTES · POC (n8n, LkS0RHu9KEbHCR4p)",INTEGRATION,Google Drive: fileFolder.?,ALTA,ALTA,,,NINGUNA (n8n no tiene test runner propio en este repo),,,ALTO,KEEP,KEEP_IN_N8N,P1,N/D (fuera de alcance de esta auditoria: solo diagnostico),NO,"n8n sqlite workflow_entity.nodes/connections, id LkS0RHu9KEbHCR4p, node 'BUSCAR - Carpeta SAP del mes'",
N8N-6b6aadf3-efc5-4256-921d-4da7c05c1de2,IF - Carpeta SAP existe,"TIQ · PROCESAR CIERRES PENDIENTES · POC (n8n, LkS0RHu9KEbHCR4p)",CONTROL,Bifurcacion booleana,ALTA,ALTA,,,NINGUNA (n8n no tiene test runner propio en este repo),,,ALTO,KEEP,KEEP_IN_N8N,P1,N/D (fuera de alcance de esta auditoria: solo diagnostico),NO,"n8n sqlite workflow_entity.nodes/connections, id LkS0RHu9KEbHCR4p, node 'IF - Carpeta SAP existe'",
N8N-666e2c22-db61-489c-812c-b96416adfea1,CREAR - Carpeta SAP del mes,"TIQ · PROCESAR CIERRES PENDIENTES · POC (n8n, LkS0RHu9KEbHCR4p)",INTEGRATION,Google Drive: folder.?,ALTA,ALTA,,,NINGUNA (n8n no tiene test runner propio en este repo),,,ALTO,KEEP,KEEP_IN_N8N,P1,N/D (fuera de alcance de esta auditoria: solo diagnostico),NO,"n8n sqlite workflow_entity.nodes/connections, id LkS0RHu9KEbHCR4p, node 'CREAR - Carpeta SAP del mes'",
N8N-c77ee6ad-d662-4e6d-8e42-739e9592ef56,LEER - SAP local a subir,"TIQ · PROCESAR CIERRES PENDIENTES · POC (n8n, LkS0RHu9KEbHCR4p)",DATA_ARTIFACT,Lee/escribe archivo local (?),MEDIA,MEDIA,,,NINGUNA (n8n no tiene test runner propio en este repo),,,MEDIO,KEEP,KEEP_IN_N8N,P2,N/D (fuera de alcance de esta auditoria: solo diagnostico),NO,"n8n sqlite workflow_entity.nodes/connections, id LkS0RHu9KEbHCR4p, node 'LEER - SAP local a subir'",
N8N-4edaa316-d917-4fac-9c7a-6a0cba3afbbd,SUBIR - SAP a Drive,"TIQ · PROCESAR CIERRES PENDIENTES · POC (n8n, LkS0RHu9KEbHCR4p)",INTEGRATION,Google Drive: file.?,ALTA,ALTA,,,NINGUNA (n8n no tiene test runner propio en este repo),,,ALTO,KEEP,KEEP_IN_N8N,P1,N/D (fuera de alcance de esta auditoria: solo diagnostico),NO,"n8n sqlite workflow_entity.nodes/connections, id LkS0RHu9KEbHCR4p, node 'SUBIR - SAP a Drive'",
N8N-a36bf141-2242-4b0f-8c9b-04e13c541907,BUSCAR - Carpeta RESULTADOS del mes,"TIQ · PROCESAR CIERRES PENDIENTES · POC (n8n, LkS0RHu9KEbHCR4p)",INTEGRATION,Google Drive: fileFolder.?,ALTA,ALTA,,,NINGUNA (n8n no tiene test runner propio en este repo),,,ALTO,KEEP,KEEP_IN_N8N,P1,N/D (fuera de alcance de esta auditoria: solo diagnostico),NO,"n8n sqlite workflow_entity.nodes/connections, id LkS0RHu9KEbHCR4p, node 'BUSCAR - Carpeta RESULTADOS del mes'",
N8N-695c02c9-f7ec-4c56-87a6-ad40b30db484,IF - Carpeta RESULTADOS existe,"TIQ · PROCESAR CIERRES PENDIENTES · POC (n8n, LkS0RHu9KEbHCR4p)",CONTROL,Bifurcacion booleana,ALTA,ALTA,,,NINGUNA (n8n no tiene test runner propio en este repo),,,ALTO,KEEP,KEEP_IN_N8N,P1,N/D (fuera de alcance de esta auditoria: solo diagnostico),NO,"n8n sqlite workflow_entity.nodes/connections, id LkS0RHu9KEbHCR4p, node 'IF - Carpeta RESULTADOS existe'",
N8N-9b56c8a9-3a83-48d6-8cd4-21c1141a7b1e,CREAR - Carpeta RESULTADOS del mes,"TIQ · PROCESAR CIERRES PENDIENTES · POC (n8n, LkS0RHu9KEbHCR4p)",INTEGRATION,Google Drive: folder.?,ALTA,ALTA,,,NINGUNA (n8n no tiene test runner propio en este repo),,,ALTO,KEEP,KEEP_IN_N8N,P1,N/D (fuera de alcance de esta auditoria: solo diagnostico),NO,"n8n sqlite workflow_entity.nodes/connections, id LkS0RHu9KEbHCR4p, node 'CREAR - Carpeta RESULTADOS del mes'",
N8N-e3b2590e-276d-484d-b155-2c9c63b3757e,LEER - Resultado local a subir,"TIQ · PROCESAR CIERRES PENDIENTES · POC (n8n, LkS0RHu9KEbHCR4p)",DATA_ARTIFACT,Lee/escribe archivo local (?),MEDIA,MEDIA,,,NINGUNA (n8n no tiene test runner propio en este repo),,,MEDIO,KEEP,KEEP_IN_N8N,P2,N/D (fuera de alcance de esta auditoria: solo diagnostico),NO,"n8n sqlite workflow_entity.nodes/connections, id LkS0RHu9KEbHCR4p, node 'LEER - Resultado local a subir'",
N8N-8c82526f-2da3-4fc5-80b5-300d4db37f40,SUBIR - Resultado a Drive,"TIQ · PROCESAR CIERRES PENDIENTES · POC (n8n, LkS0RHu9KEbHCR4p)",INTEGRATION,Google Drive: file.?,ALTA,ALTA,,,NINGUNA (n8n no tiene test runner propio en este repo),,,ALTO,KEEP,KEEP_IN_N8N,P1,N/D (fuera de alcance de esta auditoria: solo diagnostico),NO,"n8n sqlite workflow_entity.nodes/connections, id LkS0RHu9KEbHCR4p, node 'SUBIR - Resultado a Drive'",
N8N-b56e23a7-daab-4ab2-aee7-f6db0ce205ef,BUSCAR - Carpeta del mes en 03_PROCESADOS,"TIQ · PROCESAR CIERRES PENDIENTES · POC (n8n, LkS0RHu9KEbHCR4p)",INTEGRATION,Google Drive: fileFolder.?,ALTA,ALTA,,,NINGUNA (n8n no tiene test runner propio en este repo),,,ALTO,KEEP,KEEP_IN_N8N,P1,N/D (fuera de alcance de esta auditoria: solo diagnostico),NO,"n8n sqlite workflow_entity.nodes/connections, id LkS0RHu9KEbHCR4p, node 'BUSCAR - Carpeta del mes en 03_PROCESADOS'",
N8N-df19c875-e118-4360-ba5b-89f55c1bf7c8,MOVER - Cierre a 03_PROCESADOS,"TIQ · PROCESAR CIERRES PENDIENTES · POC (n8n, LkS0RHu9KEbHCR4p)",INTEGRATION,Google Drive: file.move,ALTA,ALTA,,,NINGUNA (n8n no tiene test runner propio en este repo),,,ALTO,KEEP,KEEP_IN_N8N,P1,N/D (fuera de alcance de esta auditoria: solo diagnostico),NO,"n8n sqlite workflow_entity.nodes/connections, id LkS0RHu9KEbHCR4p, node 'MOVER - Cierre a 03_PROCESADOS'",
N8N-52ee283b-0754-4132-b1d5-b898022d5231,LEER - Marcador local a subir,"TIQ · PROCESAR CIERRES PENDIENTES · POC (n8n, LkS0RHu9KEbHCR4p)",DATA_ARTIFACT,Lee/escribe archivo local (?),MEDIA,MEDIA,,,NINGUNA (n8n no tiene test runner propio en este repo),,,MEDIO,KEEP,KEEP_IN_N8N,P2,N/D (fuera de alcance de esta auditoria: solo diagnostico),NO,"n8n sqlite workflow_entity.nodes/connections, id LkS0RHu9KEbHCR4p, node 'LEER - Marcador local a subir'",
N8N-8041f207-9b4e-4ca4-8b56-93cb4601f405,SUBIR - Marcador PROCESADO a Drive,"TIQ · PROCESAR CIERRES PENDIENTES · POC (n8n, LkS0RHu9KEbHCR4p)",INTEGRATION,Google Drive: file.?,ALTA,ALTA,,,NINGUNA (n8n no tiene test runner propio en este repo),,,ALTO,KEEP,KEEP_IN_N8N,P1,N/D (fuera de alcance de esta auditoria: solo diagnostico),NO,"n8n sqlite workflow_entity.nodes/connections, id LkS0RHu9KEbHCR4p, node 'SUBIR - Marcador PROCESADO a Drive'",
N8N-4e43d8cb-d550-4318-91fb-43e60ecd1945,INICIO - Procesar cierres (Formulario),"TIQ · PROCESAR CIERRES PENDIENTES · POC (n8n, LkS0RHu9KEbHCR4p)",N8N_NODE,Formulario nativo n8n: punto de entrada manual (Fecha inicio/fin),BAJA,BAJA,,,NINGUNA (n8n no tiene test runner propio en este repo),,,MEDIO,KEEP,KEEP_IN_N8N,P3,N/D (fuera de alcance de esta auditoria: solo diagnostico),NO,"n8n sqlite workflow_entity.nodes/connections, id LkS0RHu9KEbHCR4p, node 'INICIO - Procesar cierres (Formulario)'",
N8N-df87e868-12d7-4f90-b58d-35a64ce22440,LIMPIAR - Marcadores locales obsoletos,"TIQ · PROCESAR CIERRES PENDIENTES · POC (n8n, LkS0RHu9KEbHCR4p)",INTEGRATION,"Ejecuta comando shell/CLI: find ""/home/codespace/poc_n8n_tiquipaya/FASE_C_DRIVE_REAL/controles/MARCADORES_PROCESAMIENTO"" -mindepth 1 -maxdepth 1 -type f -name ""PROCESADO_*.json"" -delete",ALTA,ALTA,,shell,NINGUNA (n8n no tiene test runner propio en este repo),,,ALTO,KEEP,KEEP_IN_N8N,P1,N/D (fuera de alcance de esta auditoria: solo diagnostico),NO,"n8n sqlite workflow_entity.nodes/connections, id LkS0RHu9KEbHCR4p, node 'LIMPIAR - Marcadores locales obsoletos'",
N8N-5672eceb-0ba5-4ecb-b8d1-4237a9f858ff,PREPARAR - Cierres listos (detalle),"TIQ · PROCESAR CIERRES PENDIENTES · POC (n8n, LkS0RHu9KEbHCR4p)",CODE_NODE,Codigo JS embebido: const item = $input.first().json; const cierres = (item.data && Array.isArray(item.data.cierres)) ? item.data.cierres : []; const listos = cierres.filter((c) =>,ALTA,ALTA,,,NINGUNA (n8n no tiene test runner propio en este repo),,,MEDIO,KEEP,KEEP_IN_N8N,P1,N/D (fuera de alcance de esta auditoria: solo diagnostico),NO,"n8n sqlite workflow_entity.nodes/connections, id LkS0RHu9KEbHCR4p, node 'PREPARAR - Cierres listos (detalle)'",
N8N-4158d4cd-9f18-4678-8024-316be90dc3f2,LEER - Detalle SAP del cierre,"TIQ · PROCESAR CIERRES PENDIENTES · POC (n8n, LkS0RHu9KEbHCR4p)",DATA_ARTIFACT,Lee/escribe archivo local (?),MEDIA,MEDIA,,,NINGUNA (n8n no tiene test runner propio en este repo),,,MEDIO,KEEP,KEEP_IN_N8N,P2,N/D (fuera de alcance de esta auditoria: solo diagnostico),NO,"n8n sqlite workflow_entity.nodes/connections, id LkS0RHu9KEbHCR4p, node 'LEER - Detalle SAP del cierre'",
N8N-b13159cb-c27e-4f51-91d5-da9656b9ccf9,INTERPRETAR - Detalle SAP del cierre,"TIQ · PROCESAR CIERRES PENDIENTES · POC (n8n, LkS0RHu9KEbHCR4p)",DATA_ARTIFACT,Convierte binario a JSON (fromJson),MEDIA,MEDIA,,,NINGUNA (n8n no tiene test runner propio en este repo),,,MEDIO,KEEP,KEEP_IN_N8N,P2,N/D (fuera de alcance de esta auditoria: solo diagnostico),NO,"n8n sqlite workflow_entity.nodes/connections, id LkS0RHu9KEbHCR4p, node 'INTERPRETAR - Detalle SAP del cierre'",
N8N-06211190-888a-4929-a346-95b098076b1e,COMBINAR - Detalle y rango completo,"TIQ · PROCESAR CIERRES PENDIENTES · POC (n8n, LkS0RHu9KEbHCR4p)",CONTROL,Combina 2+ ramas de datos en un solo item,ALTA,ALTA,,,NINGUNA (n8n no tiene test runner propio en este repo),,,ALTO,KEEP,KEEP_IN_N8N,P1,N/D (fuera de alcance de esta auditoria: solo diagnostico),NO,"n8n sqlite workflow_entity.nodes/connections, id LkS0RHu9KEbHCR4p, node 'COMBINAR - Detalle y rango completo'",
N8N-ecc13927-ea52-4adf-b90d-4be0cce443b5,CONSTRUIR - Resumen auditor,"TIQ · PROCESAR CIERRES PENDIENTES · POC (n8n, LkS0RHu9KEbHCR4p)",CODE_NODE,Codigo JS embebido: function formatMoney(v) {   if (v === null || v === undefined || v === '') return 'N/D';   const n = Number(v);   if (Number.isNaN(n)) return String(v);   const,ALTA,ALTA,,,NINGUNA (n8n no tiene test runner propio en este repo),,,MEDIO,KEEP,KEEP_IN_N8N,P1,N/D (fuera de alcance de esta auditoria: solo diagnostico),NO,"n8n sqlite workflow_entity.nodes/connections, id LkS0RHu9KEbHCR4p, node 'CONSTRUIR - Resumen auditor'",
N8N-57f8b3e0-9979-4dfb-8ec5-4e8d8ec29a6c,PREPARAR - Cierres en revision (detalle),"TIQ · PROCESAR CIERRES PENDIENTES · POC (n8n, LkS0RHu9KEbHCR4p)",CODE_NODE,Codigo JS embebido: const item = $input.first().json; const cierres = (item.data && Array.isArray(item.data.cierres)) ? item.data.cierres : []; const revision = cierres.filter((c) ,ALTA,ALTA,,,NINGUNA (n8n no tiene test runner propio en este repo),,,MEDIO,KEEP,KEEP_IN_N8N,P1,N/D (fuera de alcance de esta auditoria: solo diagnostico),NO,"n8n sqlite workflow_entity.nodes/connections, id LkS0RHu9KEbHCR4p, node 'PREPARAR - Cierres en revision (detalle)'",
N8N-0964e9f5-be54-4f0b-929e-f9d1bed961d4,LEER - Detalle de excepciones del cierre,"TIQ · PROCESAR CIERRES PENDIENTES · POC (n8n, LkS0RHu9KEbHCR4p)",DATA_ARTIFACT,Lee/escribe archivo local (?),MEDIA,MEDIA,,,NINGUNA (n8n no tiene test runner propio en este repo),,,MEDIO,KEEP,KEEP_IN_N8N,P2,N/D (fuera de alcance de esta auditoria: solo diagnostico),NO,"n8n sqlite workflow_entity.nodes/connections, id LkS0RHu9KEbHCR4p, node 'LEER - Detalle de excepciones del cierre'",
N8N-530d1856-780c-4420-b79d-48b8b0e6b2ec,INTERPRETAR - Detalle de excepciones del cierre,"TIQ · PROCESAR CIERRES PENDIENTES · POC (n8n, LkS0RHu9KEbHCR4p)",DATA_ARTIFACT,Convierte binario a JSON (fromJson),MEDIA,MEDIA,,,NINGUNA (n8n no tiene test runner propio en este repo),,,MEDIO,KEEP,KEEP_IN_N8N,P2,N/D (fuera de alcance de esta auditoria: solo diagnostico),NO,"n8n sqlite workflow_entity.nodes/connections, id LkS0RHu9KEbHCR4p, node 'INTERPRETAR - Detalle de excepciones del cierre'",
N8N-cdf9dd10-d58d-476d-8c0f-ade4fc4006f3,COMBINAR - Detalle y rango en revision,"TIQ · PROCESAR CIERRES PENDIENTES · POC (n8n, LkS0RHu9KEbHCR4p)",CONTROL,Combina 2+ ramas de datos en un solo item,ALTA,ALTA,,,NINGUNA (n8n no tiene test runner propio en este repo),,,ALTO,KEEP,KEEP_IN_N8N,P1,N/D (fuera de alcance de esta auditoria: solo diagnostico),NO,"n8n sqlite workflow_entity.nodes/connections, id LkS0RHu9KEbHCR4p, node 'COMBINAR - Detalle y rango en revision'",
N8N-d29207b6-04ac-4c5a-b3f9-1afd6a670be9,CONSTRUIR - Revision de excepciones,"TIQ · PROCESAR CIERRES PENDIENTES · POC (n8n, LkS0RHu9KEbHCR4p)",CODE_NODE,"Codigo JS embebido: function escapeHtml(s) {   return String(s == null ? '' : s)     .replace(/&/g, '&amp;')     .replace(/</g, '&lt;')     .replace(/>/g, '&gt;'); }  function form",ALTA,ALTA,,,NINGUNA (n8n no tiene test runner propio en este repo),,,MEDIO,KEEP,KEEP_IN_N8N,P1,N/D (fuera de alcance de esta auditoria: solo diagnostico),NO,"n8n sqlite workflow_entity.nodes/connections, id LkS0RHu9KEbHCR4p, node 'CONSTRUIR - Revision de excepciones'",
N8N-943d98fc-3fe9-4ea0-8d66-2be8bd86af4e,CONFIRMAR - Revision de excepciones,"TIQ · PROCESAR CIERRES PENDIENTES · POC (n8n, LkS0RHu9KEbHCR4p)",UI_COMPONENT,Pausa la ejecucion esperando confirmacion humana via formulario nativo (Wait+Form),MEDIA,MEDIA,Pantalla de solo lectura de excepciones (previa a FASE 3); HANDOFF s16.4 indica que su rol cambia (pasa a ser un resumen con enlace) una vez el modulo de correccion este activo,,NINGUNA (n8n no tiene test runner propio en este repo),El propio HANDOFF ya marca este nodo como pendiente de 'rewire' (deja de ser donde se decide) sin que el cambio se haya hecho todavia: nodo en transicion de responsabilidad.,,MEDIO,KEEP,KEEP_IN_N8N,P2,N/D (fuera de alcance de esta auditoria: solo diagnostico),NO,"n8n sqlite workflow_entity.nodes/connections, id LkS0RHu9KEbHCR4p, node 'CONFIRMAR - Revision de excepciones'",
N8N-42934372-8301-40d8-b65b-b483706fd37e,FIN - Revision registrada,"TIQ · PROCESAR CIERRES PENDIENTES · POC (n8n, LkS0RHu9KEbHCR4p)",DATA_ARTIFACT,Define/normaliza campos (parametros o resultado literal),MEDIA,MEDIA,,,NINGUNA (n8n no tiene test runner propio en este repo),,,MEDIO,KEEP,KEEP_IN_N8N,P2,N/D (fuera de alcance de esta auditoria: solo diagnostico),NO,"n8n sqlite workflow_entity.nodes/connections, id LkS0RHu9KEbHCR4p, node 'FIN - Revision registrada'",
N8N-04e6745e-e319-4a72-adb0-85dbb201b52b,FASE3 - Sticky,"TIQ · PROCESAR CIERRES PENDIENTES · POC (n8n, LkS0RHu9KEbHCR4p)",DOCUMENTACION_VISUAL,Nota visual/documentacion del canvas (sin logica),BAJA,BAJA,,,NINGUNA (n8n no tiene test runner propio en este repo),,,MEDIO,KEEP,KEEP_IN_N8N,P3,N/D (fuera de alcance de esta auditoria: solo diagnostico),NO,"n8n sqlite workflow_entity.nodes/connections, id LkS0RHu9KEbHCR4p, node 'FASE3 - Sticky'",
N8N-1cb14b67-5644-459f-9a0d-9766875e548b,FASE3 - Webhook GET pagina,"TIQ · PROCESAR CIERRES PENDIENTES · POC (n8n, LkS0RHu9KEbHCR4p)",N8N_NODE,Webhook GET /tiq-revision — punto de entrada HTTP del frontend/orquestacion,BAJA,BAJA,,,NINGUNA (n8n no tiene test runner propio en este repo),,,MEDIO,KEEP,KEEP_IN_N8N,P3,N/D (fuera de alcance de esta auditoria: solo diagnostico),NO,"n8n sqlite workflow_entity.nodes/connections, id LkS0RHu9KEbHCR4p, node 'FASE3 - Webhook GET pagina'",
N8N-b19bbdaa-f416-4ee1-b77f-6a43cdc12617,FASE3 - Responder pagina HTML,"TIQ · PROCESAR CIERRES PENDIENTES · POC (n8n, LkS0RHu9KEbHCR4p)",OUTPUT,Responde al webhook que originó la ejecucion (HTML o JSON),MEDIA,MEDIA,,,NINGUNA (n8n no tiene test runner propio en este repo),,,MEDIO,KEEP,KEEP_IN_N8N,P2,N/D (fuera de alcance de esta auditoria: solo diagnostico),NO,"n8n sqlite workflow_entity.nodes/connections, id LkS0RHu9KEbHCR4p, node 'FASE3 - Responder pagina HTML'",
N8N-4e52933a-aa63-489b-8bd2-3c63e4fdc9b3,FASE3 - Webhook GET datos,"TIQ · PROCESAR CIERRES PENDIENTES · POC (n8n, LkS0RHu9KEbHCR4p)",N8N_NODE,Webhook GET /tiq-revision/datos — punto de entrada HTTP del frontend/orquestacion,BAJA,BAJA,,,NINGUNA (n8n no tiene test runner propio en este repo),,,MEDIO,KEEP,KEEP_IN_N8N,P3,N/D (fuera de alcance de esta auditoria: solo diagnostico),NO,"n8n sqlite workflow_entity.nodes/connections, id LkS0RHu9KEbHCR4p, node 'FASE3 - Webhook GET datos'",
N8N-c0e6c72c-bb55-4a59-a9fe-542fb99e80d1,FASE3 - Parametros resultados_dir,"TIQ · PROCESAR CIERRES PENDIENTES · POC (n8n, LkS0RHu9KEbHCR4p)",DATA_ARTIFACT,Define/normaliza campos (parametros o resultado literal),MEDIA,MEDIA,,,NINGUNA (n8n no tiene test runner propio en este repo),,,MEDIO,KEEP,KEEP_IN_N8N,P2,N/D (fuera de alcance de esta auditoria: solo diagnostico),NO,"n8n sqlite workflow_entity.nodes/connections, id LkS0RHu9KEbHCR4p, node 'FASE3 - Parametros resultados_dir'",
N8N-f2ea106e-1dda-4485-a66b-e6e191435a92,FASE3 - Leer resultado_batch.json,"TIQ · PROCESAR CIERRES PENDIENTES · POC (n8n, LkS0RHu9KEbHCR4p)",DATA_ARTIFACT,Lee/escribe archivo local (?),MEDIA,MEDIA,,,NINGUNA (n8n no tiene test runner propio en este repo),,,MEDIO,KEEP,KEEP_IN_N8N,P2,N/D (fuera de alcance de esta auditoria: solo diagnostico),NO,"n8n sqlite workflow_entity.nodes/connections, id LkS0RHu9KEbHCR4p, node 'FASE3 - Leer resultado_batch.json'",
N8N-267d205d-0518-40f2-8ab1-f738fe9ff2e2,FASE3 - Interpretar resultado_batch.json,"TIQ · PROCESAR CIERRES PENDIENTES · POC (n8n, LkS0RHu9KEbHCR4p)",DATA_ARTIFACT,Convierte binario a JSON (fromJson),MEDIA,MEDIA,,,NINGUNA (n8n no tiene test runner propio en este repo),,,MEDIO,KEEP,KEEP_IN_N8N,P2,N/D (fuera de alcance de esta auditoria: solo diagnostico),NO,"n8n sqlite workflow_entity.nodes/connections, id LkS0RHu9KEbHCR4p, node 'FASE3 - Interpretar resultado_batch.json'",
N8N-21b9b98e-a8a1-4067-836a-392d0d691be4,FASE3 - Campos corregibles (Python),"TIQ · PROCESAR CIERRES PENDIENTES · POC (n8n, LkS0RHu9KEbHCR4p)",INTEGRATION,"Ejecuta comando shell/CLI: =cd /workspaces/caja-tiquipaya-v2 && /workspaces/.venv-caja/bin/python3 -c ""import json,correcciones_tiquipaya as c; print(json.dumps({k: sorted(v) for k, v in c.CAMPOS_CORREGIBLES",ALTA,ALTA,,correcciones_tiquipaya.CAMPOS_CORREGIBLES (inline),NINGUNA (n8n no tiene test runner propio en este repo),,,ALTO,KEEP,KEEP_IN_N8N,P1,N/D (fuera de alcance de esta auditoria: solo diagnostico),NO,"n8n sqlite workflow_entity.nodes/connections, id LkS0RHu9KEbHCR4p, node 'FASE3 - Campos corregibles (Python)'",
N8N-3cded4d7-1514-4dd3-aa64-ac1d24eda58a,FASE3 - Construir respuesta datos,"TIQ · PROCESAR CIERRES PENDIENTES · POC (n8n, LkS0RHu9KEbHCR4p)",CODE_NODE,"Codigo JS embebido: function identificadoresDe(exc) {   if (exc.categoria === 'COMUNICACION_INTERNA') {     return { sfc: exc.sfc, factura: exc.factura };   }   if (exc.categoria =",ALTA,ALTA,,,NINGUNA (n8n no tiene test runner propio en este repo),,,MEDIO,KEEP,KEEP_IN_N8N,P1,N/D (fuera de alcance de esta auditoria: solo diagnostico),NO,"n8n sqlite workflow_entity.nodes/connections, id LkS0RHu9KEbHCR4p, node 'FASE3 - Construir respuesta datos'",
N8N-efc97b09-fe98-4a3c-9ae9-2a2f70cdf1c1,FASE3 - Responder datos JSON,"TIQ · PROCESAR CIERRES PENDIENTES · POC (n8n, LkS0RHu9KEbHCR4p)",OUTPUT,Responde al webhook que originó la ejecucion (HTML o JSON),MEDIA,MEDIA,,,NINGUNA (n8n no tiene test runner propio en este repo),,,MEDIO,KEEP,KEEP_IN_N8N,P2,N/D (fuera de alcance de esta auditoria: solo diagnostico),NO,"n8n sqlite workflow_entity.nodes/connections, id LkS0RHu9KEbHCR4p, node 'FASE3 - Responder datos JSON'",
N8N-046f6770-d6b9-4ff2-b463-c2a9a208e9f1,FASE3 - Webhook POST observacion,"TIQ · PROCESAR CIERRES PENDIENTES · POC (n8n, LkS0RHu9KEbHCR4p)",N8N_NODE,Webhook POST /tiq-revision/observacion — punto de entrada HTTP del frontend/orquestacion,BAJA,BAJA,,,NINGUNA (n8n no tiene test runner propio en este repo),Sin autenticacion (igual que /corregir).,,MEDIO,KEEP,KEEP_IN_N8N,P3,N/D (fuera de alcance de esta auditoria: solo diagnostico),NO,"n8n sqlite workflow_entity.nodes/connections, id LkS0RHu9KEbHCR4p, node 'FASE3 - Webhook POST observacion'",
N8N-bb672265-6b22-4147-8279-d900d193ecfc,FASE3 - Construir observacion (base64),"TIQ · PROCESAR CIERRES PENDIENTES · POC (n8n, LkS0RHu9KEbHCR4p)",CODE_NODE,Codigo JS embebido: const body = $json.body || {}; const parametros = body.parametros || {}; const controlesDir = parametros.controles_dir || ''; const hash = body.hash_origen || ',ALTA,ALTA,,,NINGUNA (n8n no tiene test runner propio en este repo),,,MEDIO,KEEP,KEEP_IN_N8N,P1,N/D (fuera de alcance de esta auditoria: solo diagnostico),NO,"n8n sqlite workflow_entity.nodes/connections, id LkS0RHu9KEbHCR4p, node 'FASE3 - Construir observacion (base64)'",
N8N-4c0cc1d8-596b-49fc-9d28-9467784a31ce,FASE3 - Guardar observacion (append),"TIQ · PROCESAR CIERRES PENDIENTES · POC (n8n, LkS0RHu9KEbHCR4p)",INTEGRATION,"Ejecuta comando shell/CLI: =mkdir -p ""{{ $json.directorio }}"" && printf '%s' ""{{ $json.registro_b64 }}"" | base64 -d >> ""{{ $json.ruta_observaciones }}""",ALTA,ALTA,Persiste una nota libre del auditor (no corrige ni reprocesa),"utilidad de sistema (base64, mkdir)",NINGUNA (n8n no tiene test runner propio en este repo),"Command Execute construye el shell command interpolando campos que en ultima instancia provienen del body/query de un Webhook SIN autenticacion (HANDOFF SS16.4: autenticacion diferida explicitamente). Si un valor como resultados_dir/fecha/hash/ruta_cierre llegara con comillas/backticks/`;` no neutralizados, podria alterar el comando ejecutado (riesgo de inyeccion de comandos). Ver V2_RISKS.csv RISK-001. Doblemente relevante: el TEXTO LIBRE del auditor (comentario) viaja via base64 (mitiga inyeccion en el CONTENIDO), pero 'directorio'/'ruta_observaciones' no.",,ALTO,KEEP,KEEP_IN_N8N,P1,N/D (fuera de alcance de esta auditoria: solo diagnostico),NO,"n8n sqlite workflow_entity.nodes/connections, id LkS0RHu9KEbHCR4p, node 'FASE3 - Guardar observacion (append)'",
N8N-c2a7f36f-8ccc-4eb1-86d7-d4817a5620cc,FASE3 - Responder observacion OK,"TIQ · PROCESAR CIERRES PENDIENTES · POC (n8n, LkS0RHu9KEbHCR4p)",OUTPUT,Responde al webhook que originó la ejecucion (HTML o JSON),MEDIA,MEDIA,,,NINGUNA (n8n no tiene test runner propio en este repo),,,MEDIO,KEEP,KEEP_IN_N8N,P2,N/D (fuera de alcance de esta auditoria: solo diagnostico),NO,"n8n sqlite workflow_entity.nodes/connections, id LkS0RHu9KEbHCR4p, node 'FASE3 - Responder observacion OK'",
N8N-dd9fcb5b-f5d0-4778-a5a7-d0d16f0c9d64,FASE3 - Webhook POST pendiente,"TIQ · PROCESAR CIERRES PENDIENTES · POC (n8n, LkS0RHu9KEbHCR4p)",N8N_NODE,Webhook POST /tiq-revision/pendiente — punto de entrada HTTP del frontend/orquestacion,BAJA,BAJA,,,NINGUNA (n8n no tiene test runner propio en este repo),Sin autenticacion (igual que /corregir).,,MEDIO,KEEP,KEEP_IN_N8N,P3,N/D (fuera de alcance de esta auditoria: solo diagnostico),NO,"n8n sqlite workflow_entity.nodes/connections, id LkS0RHu9KEbHCR4p, node 'FASE3 - Webhook POST pendiente'",
N8N-0cf9d47d-04ae-490f-93ef-13b851b6ddb9,FASE3 - Construir pendiente (base64),"TIQ · PROCESAR CIERRES PENDIENTES · POC (n8n, LkS0RHu9KEbHCR4p)",CODE_NODE,Codigo JS embebido: const body = $json.body || {}; const parametros = body.parametros || {}; const controlesDir = parametros.controles_dir || ''; const hash = body.hash_origen || ',ALTA,ALTA,,,NINGUNA (n8n no tiene test runner propio en este repo),,,MEDIO,KEEP,KEEP_IN_N8N,P1,N/D (fuera de alcance de esta auditoria: solo diagnostico),NO,"n8n sqlite workflow_entity.nodes/connections, id LkS0RHu9KEbHCR4p, node 'FASE3 - Construir pendiente (base64)'",
N8N-bf853be7-7803-49ed-a74e-cf0a8d041add,FASE3 - Guardar pendiente (append),"TIQ · PROCESAR CIERRES PENDIENTES · POC (n8n, LkS0RHu9KEbHCR4p)",INTEGRATION,"Ejecuta comando shell/CLI: =mkdir -p ""{{ $json.directorio }}"" && printf '%s' ""{{ $json.registro_b64 }}"" | base64 -d >> ""{{ $json.ruta_pendientes }}""",ALTA,ALTA,Cierra la revision de un cierre como 'dejar pendiente' (equivalente a FIN - Revision registrada),"utilidad de sistema (base64, mkdir)",NINGUNA (n8n no tiene test runner propio en este repo),"Command Execute construye el shell command interpolando campos que en ultima instancia provienen del body/query de un Webhook SIN autenticacion (HANDOFF SS16.4: autenticacion diferida explicitamente). Si un valor como resultados_dir/fecha/hash/ruta_cierre llegara con comillas/backticks/`;` no neutralizados, podria alterar el comando ejecutado (riesgo de inyeccion de comandos). Ver V2_RISKS.csv RISK-001.",,ALTO,KEEP,KEEP_IN_N8N,P1,N/D (fuera de alcance de esta auditoria: solo diagnostico),NO,"n8n sqlite workflow_entity.nodes/connections, id LkS0RHu9KEbHCR4p, node 'FASE3 - Guardar pendiente (append)'",
N8N-3c024dbb-800e-4db6-943b-d21f38f76d2d,FASE3 - Responder pendiente OK,"TIQ · PROCESAR CIERRES PENDIENTES · POC (n8n, LkS0RHu9KEbHCR4p)",OUTPUT,Responde al webhook que originó la ejecucion (HTML o JSON),MEDIA,MEDIA,,,NINGUNA (n8n no tiene test runner propio en este repo),,,MEDIO,KEEP,KEEP_IN_N8N,P2,N/D (fuera de alcance de esta auditoria: solo diagnostico),NO,"n8n sqlite workflow_entity.nodes/connections, id LkS0RHu9KEbHCR4p, node 'FASE3 - Responder pendiente OK'",
N8N-a00f9d07-020c-41c6-bbc5-a77e7a1ea6a1,FASE3 - Webhook POST corregir,"TIQ · PROCESAR CIERRES PENDIENTES · POC (n8n, LkS0RHu9KEbHCR4p)",N8N_NODE,Webhook POST /tiq-revision/corregir — punto de entrada HTTP del frontend/orquestacion,BAJA,BAJA,Endpoint de FASE 3 Parte A: autorizar correccion y reprocesar,,NINGUNA (n8n no tiene test runner propio en este repo),"Sin autenticacion (diferida explicitamente por diseño, HANDOFF s16.4): cualquiera con la URL puede corregir un cierre ERROR_REVISAR mientras el Codespace este expuesto.",,MEDIO,KEEP,KEEP_IN_N8N,P3,N/D (fuera de alcance de esta auditoria: solo diagnostico),NO,"n8n sqlite workflow_entity.nodes/connections, id LkS0RHu9KEbHCR4p, node 'FASE3 - Webhook POST corregir'",
N8N-4c6bda94-5662-4e0a-adb1-bdcc7070a2dc,FASE3 - Construir correccion sin version,"TIQ · PROCESAR CIERRES PENDIENTES · POC (n8n, LkS0RHu9KEbHCR4p)",CODE_NODE,Codigo JS embebido: const body = $json.body || {}; const parametros = body.parametros || {}; const cierre = body.cierre || {}; const correccion = body.correccion || {};  const corr,ALTA,ALTA,,,NINGUNA (n8n no tiene test runner propio en este repo),,,MEDIO,KEEP,KEEP_IN_N8N,P1,N/D (fuera de alcance de esta auditoria: solo diagnostico),NO,"n8n sqlite workflow_entity.nodes/connections, id LkS0RHu9KEbHCR4p, node 'FASE3 - Construir correccion sin version'",
N8N-4cdcf525-1d9f-4f58-8431-df7bdcfc1266,FASE3 - Escribir correccion temporal,"TIQ · PROCESAR CIERRES PENDIENTES · POC (n8n, LkS0RHu9KEbHCR4p)",INTEGRATION,"Ejecuta comando shell/CLI: =printf '%s' ""{{ $json.correccion_b64 }}"" | base64 -d > ""{{ $json.ruta_correccion_tmp }}""",ALTA,ALTA,,"utilidad de sistema (base64, mkdir)",NINGUNA (n8n no tiene test runner propio en este repo),,,ALTO,KEEP,KEEP_IN_N8N,P1,N/D (fuera de alcance de esta auditoria: solo diagnostico),NO,"n8n sqlite workflow_entity.nodes/connections, id LkS0RHu9KEbHCR4p, node 'FASE3 - Escribir correccion temporal'",
N8N-a8f9e758-99b4-40c8-8374-befcf910db46,FASE3 - Ejecutar aplicar_correccion.py,"TIQ · PROCESAR CIERRES PENDIENTES · POC (n8n, LkS0RHu9KEbHCR4p)",INTEGRATION,"Ejecuta comando shell/CLI: =cd /workspaces/caja-tiquipaya-v2 && /workspaces/.venv-caja/bin/python3 aplicar_correccion.py --resultado ""{{ $('FASE3 - Construir correccion sin version').item.json.ruta_resultado",ALTA,ALTA,Dispara FASE 3 Parte B: aplica una correccion autorizada y reprocesa el cierre,aplicar_correccion.py,Indirecta via tests de run_batch.py/aplicar_correccion.py/publicar_cierre.py (n8n no tiene test runner propio en este repo),"Command Execute construye el shell command interpolando campos que en ultima instancia provienen del body/query de un Webhook SIN autenticacion (HANDOFF SS16.4: autenticacion diferida explicitamente). Si un valor como resultados_dir/fecha/hash/ruta_cierre llegara con comillas/backticks/`;` no neutralizados, podria alterar el comando ejecutado (riesgo de inyeccion de comandos). Ver V2_RISKS.csv RISK-001.",,ALTO,KEEP,KEEP_IN_N8N,P1,N/D (fuera de alcance de esta auditoria: solo diagnostico),NO,"n8n sqlite workflow_entity.nodes/connections, id LkS0RHu9KEbHCR4p, node 'FASE3 - Ejecutar aplicar_correccion.py'",
N8N-369a9489-2de6-4c64-8305-9cdaa4497996,FASE3 - Interpretar resultado de correccion,"TIQ · PROCESAR CIERRES PENDIENTES · POC (n8n, LkS0RHu9KEbHCR4p)",CODE_NODE,Codigo JS embebido: const raw = $json.stdout || ''; let parsed = null; let parseError = null; try {   parsed = JSON.parse(raw); } catch (e) {   parseError = e; }  const esValido = ,ALTA,ALTA,,,NINGUNA (n8n no tiene test runner propio en este repo),,,MEDIO,KEEP,KEEP_IN_N8N,P1,N/D (fuera de alcance de esta auditoria: solo diagnostico),NO,"n8n sqlite workflow_entity.nodes/connections, id LkS0RHu9KEbHCR4p, node 'FASE3 - Interpretar resultado de correccion'",
N8N-33f9d386-fbdf-40a4-b663-a16c40cd81fa,FASE3 - Responder correccion JSON,"TIQ · PROCESAR CIERRES PENDIENTES · POC (n8n, LkS0RHu9KEbHCR4p)",OUTPUT,Responde al webhook que originó la ejecucion (HTML o JSON),MEDIA,MEDIA,,,NINGUNA (n8n no tiene test runner propio en este repo),,,MEDIO,KEEP,KEEP_IN_N8N,P2,N/D (fuera de alcance de esta auditoria: solo diagnostico),NO,"n8n sqlite workflow_entity.nodes/connections, id LkS0RHu9KEbHCR4p, node 'FASE3 - Responder correccion JSON'",
N8N-fdea3df8-e462-492b-8fbc-a87b82213e1f,FASE3 - Leer pagina HTML canonica,"TIQ · PROCESAR CIERRES PENDIENTES · POC (n8n, LkS0RHu9KEbHCR4p)",INTEGRATION,"Ejecuta comando shell/CLI: =cat ""/workspaces/caja-tiquipaya-v2/n8n_frontend/revision_correccion.html""",ALTA,ALTA,,n8n_frontend/revision_correccion.html,NINGUNA (n8n no tiene test runner propio en este repo),,,ALTO,KEEP,KEEP_IN_N8N,P1,N/D (fuera de alcance de esta auditoria: solo diagnostico),NO,"n8n sqlite workflow_entity.nodes/connections, id LkS0RHu9KEbHCR4p, node 'FASE3 - Leer pagina HTML canonica'",
N8N-3e8477ca-adb6-4caf-9b27-ca083dfd2d1c,FASE3 - Responder sin datos,"TIQ · PROCESAR CIERRES PENDIENTES · POC (n8n, LkS0RHu9KEbHCR4p)",OUTPUT,Responde al webhook que originó la ejecucion (HTML o JSON),MEDIA,MEDIA,,,NINGUNA (n8n no tiene test runner propio en este repo),,,MEDIO,KEEP,KEEP_IN_N8N,P2,N/D (fuera de alcance de esta auditoria: solo diagnostico),NO,"n8n sqlite workflow_entity.nodes/connections, id LkS0RHu9KEbHCR4p, node 'FASE3 - Responder sin datos'",
N8N-54a0e454-d5f6-4295-983d-2d349b07b96b,FASE3 - Construir error sin datos,"TIQ · PROCESAR CIERRES PENDIENTES · POC (n8n, LkS0RHu9KEbHCR4p)",CODE_NODE,"Codigo JS embebido: return [{ json: { resultado: 'ERROR', codigo: 'SIN_DATOS_REVISION', detalle: 'No hay resultados de cierres disponibles para revisar.' } }];",ALTA,ALTA,,,NINGUNA (n8n no tiene test runner propio en este repo),,,MEDIO,KEEP,KEEP_IN_N8N,P1,N/D (fuera de alcance de esta auditoria: solo diagnostico),NO,"n8n sqlite workflow_entity.nodes/connections, id LkS0RHu9KEbHCR4p, node 'FASE3 - Construir error sin datos'",
N8N-5cabad08-7205-4149-b473-8e0e3d96473d,FASE3 - Construir respuesta observacion,"TIQ · PROCESAR CIERRES PENDIENTES · POC (n8n, LkS0RHu9KEbHCR4p)",CODE_NODE,"Codigo JS embebido: return [{ json: { resultado: 'OK', ruta_observaciones: $('FASE3 - Construir observacion (base64)').item.json.ruta_observaciones } }];",ALTA,ALTA,,,NINGUNA (n8n no tiene test runner propio en este repo),,,MEDIO,KEEP,KEEP_IN_N8N,P1,N/D (fuera de alcance de esta auditoria: solo diagnostico),NO,"n8n sqlite workflow_entity.nodes/connections, id LkS0RHu9KEbHCR4p, node 'FASE3 - Construir respuesta observacion'",
N8N-abdde6a9-d116-4f99-9338-3fbb5973dc37,FASE3 - Construir respuesta pendiente,"TIQ · PROCESAR CIERRES PENDIENTES · POC (n8n, LkS0RHu9KEbHCR4p)",CODE_NODE,Codigo JS embebido: return [{ json: { resultado: 'OK' } }];,ALTA,ALTA,,,NINGUNA (n8n no tiene test runner propio en este repo),,,MEDIO,KEEP,KEEP_IN_N8N,P1,N/D (fuera de alcance de esta auditoria: solo diagnostico),NO,"n8n sqlite workflow_entity.nodes/connections, id LkS0RHu9KEbHCR4p, node 'FASE3 - Construir respuesta pendiente'",
N8N-1ea8dcba-ec4f-4493-adec-ff9833edb20d,LIMPIAR - Cierres locales temporales,"TIQ · PROCESAR CIERRES PENDIENTES · POC (n8n, LkS0RHu9KEbHCR4p)",INTEGRATION,"Ejecuta comando shell/CLI: find ""/home/codespace/poc_n8n_tiquipaya/FASE_C_DRIVE_REAL/cierres"" -mindepth 1 -maxdepth 1 -type f -name ""CIERRE *.xlsm"" -delete",ALTA,ALTA,,shell,NINGUNA (n8n no tiene test runner propio en este repo),,,ALTO,KEEP,KEEP_IN_N8N,P1,N/D (fuera de alcance de esta auditoria: solo diagnostico),NO,"n8n sqlite workflow_entity.nodes/connections, id LkS0RHu9KEbHCR4p, node 'LIMPIAR - Cierres locales temporales'",
N8N-3d5fca74-7100-4f17-8edb-a219f88336d3,GENERAR - Fechas del rango,"TIQ · PROCESAR CIERRES PENDIENTES · POC (n8n, LkS0RHu9KEbHCR4p)",CODE_NODE,Codigo JS embebido: const base = $('PARAMETROS - Rango (desde formulario)').first().json; const inicio = base.fecha_inicio; const fin = base.fecha_fin;  function parseISO(s) {   co,ALTA,ALTA,,,NINGUNA (n8n no tiene test runner propio en este repo),,,MEDIO,KEEP,KEEP_IN_N8N,P1,N/D (fuera de alcance de esta auditoria: solo diagnostico),NO,"n8n sqlite workflow_entity.nodes/connections, id LkS0RHu9KEbHCR4p, node 'GENERAR - Fechas del rango'",
N8N-6d273eff-6f14-4fe8-9894-c12f75ad5109,IF - Encontrado en Drive,"TIQ · PROCESAR CIERRES PENDIENTES · POC (n8n, LkS0RHu9KEbHCR4p)",CONTROL,Bifurcacion booleana,ALTA,ALTA,,,NINGUNA (n8n no tiene test runner propio en este repo),,,ALTO,KEEP,KEEP_IN_N8N,P1,N/D (fuera de alcance de esta auditoria: solo diagnostico),NO,"n8n sqlite workflow_entity.nodes/connections, id LkS0RHu9KEbHCR4p, node 'IF - Encontrado en Drive'",
N8N-0096b682-3aaa-4bdc-ab11-2115aa7b3f77,CONVERGER - Cierres materializados,"TIQ · PROCESAR CIERRES PENDIENTES · POC (n8n, LkS0RHu9KEbHCR4p)",CODE_NODE,Codigo JS embebido: return [{ json: { cierres_materializados: $input.all().length } }]; ,ALTA,ALTA,,,NINGUNA (n8n no tiene test runner propio en este repo),,,MEDIO,KEEP,KEEP_IN_N8N,P1,N/D (fuera de alcance de esta auditoria: solo diagnostico),NO,"n8n sqlite workflow_entity.nodes/connections, id LkS0RHu9KEbHCR4p, node 'CONVERGER - Cierres materializados'",
N8N-e69dfb3e-3169-471c-9d46-a7a872267252,FASE3 - Calcular batch_token,"TIQ · PROCESAR CIERRES PENDIENTES · POC (n8n, LkS0RHu9KEbHCR4p)",INTEGRATION,"Ejecuta comando shell/CLI: =sha256sum ""{{ $json.resultados_dir }}/resultado_batch.json"" | awk '{print $1}'",ALTA,ALTA,"Mismo mecanismo de batch_token, usado en el endpoint GET /datos",sha256sum (utilidad de sistema),NINGUNA (n8n no tiene test runner propio en este repo),,,ALTO,KEEP,KEEP_IN_N8N,P1,N/D (fuera de alcance de esta auditoria: solo diagnostico),NO,"n8n sqlite workflow_entity.nodes/connections, id LkS0RHu9KEbHCR4p, node 'FASE3 - Calcular batch_token'",
N8N-d60301c2-cc3a-4fff-9892-26e3db474147,FASE3 - Webhook POST publicar-listos,"TIQ · PROCESAR CIERRES PENDIENTES · POC (n8n, LkS0RHu9KEbHCR4p)",N8N_NODE,Webhook POST /tiq-revision/publicar-listos — punto de entrada HTTP del frontend/orquestacion,BAJA,BAJA,,,NINGUNA (n8n no tiene test runner propio en este repo),Sin autenticacion (igual que /corregir); ademas es el unico endpoint que puede mover datos a Drive-simulado en lote.,,MEDIO,KEEP,KEEP_IN_N8N,P3,N/D (fuera de alcance de esta auditoria: solo diagnostico),NO,"n8n sqlite workflow_entity.nodes/connections, id LkS0RHu9KEbHCR4p, node 'FASE3 - Webhook POST publicar-listos'",
N8N-bb4cef2b-5842-4111-8807-e2df907d5287,FASE3 - Parametros resultados_dir (publicar),"TIQ · PROCESAR CIERRES PENDIENTES · POC (n8n, LkS0RHu9KEbHCR4p)",DATA_ARTIFACT,Define/normaliza campos (parametros o resultado literal),MEDIA,MEDIA,,,NINGUNA (n8n no tiene test runner propio en este repo),,,MEDIO,KEEP,KEEP_IN_N8N,P2,N/D (fuera de alcance de esta auditoria: solo diagnostico),NO,"n8n sqlite workflow_entity.nodes/connections, id LkS0RHu9KEbHCR4p, node 'FASE3 - Parametros resultados_dir (publicar)'",
N8N-2ffe9b0e-0878-4eef-b72a-f97fe0788439,FASE3 - Leer resultado_batch.json (publicar),"TIQ · PROCESAR CIERRES PENDIENTES · POC (n8n, LkS0RHu9KEbHCR4p)",DATA_ARTIFACT,Lee/escribe archivo local (?),MEDIA,MEDIA,,,NINGUNA (n8n no tiene test runner propio en este repo),,,MEDIO,KEEP,KEEP_IN_N8N,P2,N/D (fuera de alcance de esta auditoria: solo diagnostico),NO,"n8n sqlite workflow_entity.nodes/connections, id LkS0RHu9KEbHCR4p, node 'FASE3 - Leer resultado_batch.json (publicar)'",
N8N-5c588857-5200-482b-a62d-6021a468aade,FASE3 - Interpretar resultado_batch.json (publicar),"TIQ · PROCESAR CIERRES PENDIENTES · POC (n8n, LkS0RHu9KEbHCR4p)",DATA_ARTIFACT,Convierte binario a JSON (fromJson),MEDIA,MEDIA,,,NINGUNA (n8n no tiene test runner propio en este repo),,,MEDIO,KEEP,KEEP_IN_N8N,P2,N/D (fuera de alcance de esta auditoria: solo diagnostico),NO,"n8n sqlite workflow_entity.nodes/connections, id LkS0RHu9KEbHCR4p, node 'FASE3 - Interpretar resultado_batch.json (publicar)'",
N8N-5357ff56-714a-46f9-9577-5c02df3fb2d2,FASE3 - Calcular batch_token actual (publicar),"TIQ · PROCESAR CIERRES PENDIENTES · POC (n8n, LkS0RHu9KEbHCR4p)",INTEGRATION,"Ejecuta comando shell/CLI: =sha256sum ""{{ $json.resultados_dir }}/resultado_batch.json"" | awk '{print $1}'",ALTA,ALTA,Hash SHA256 de resultado_batch.json usado como token optimista de concurrencia,sha256sum (utilidad de sistema),NINGUNA (n8n no tiene test runner propio en este repo),,,ALTO,KEEP,KEEP_IN_N8N,P1,N/D (fuera de alcance de esta auditoria: solo diagnostico),NO,"n8n sqlite workflow_entity.nodes/connections, id LkS0RHu9KEbHCR4p, node 'FASE3 - Calcular batch_token actual (publicar)'",
N8N-865bdded-428f-4e29-a424-639b964824b8,FASE3 - Combinar batch y hash (publicar),"TIQ · PROCESAR CIERRES PENDIENTES · POC (n8n, LkS0RHu9KEbHCR4p)",CONTROL,Combina 2+ ramas de datos en un solo item,ALTA,ALTA,,,NINGUNA (n8n no tiene test runner propio en este repo),,,ALTO,KEEP,KEEP_IN_N8N,P1,N/D (fuera de alcance de esta auditoria: solo diagnostico),NO,"n8n sqlite workflow_entity.nodes/connections, id LkS0RHu9KEbHCR4p, node 'FASE3 - Combinar batch y hash (publicar)'",
N8N-789f5eb2-112c-4095-8064-13eab68a0679,FASE3 - Validar batch_token (publicar),"TIQ · PROCESAR CIERRES PENDIENTES · POC (n8n, LkS0RHu9KEbHCR4p)",CODE_NODE,Codigo JS embebido: const items = $input.all(); let batchItem = null; let hashItem = null; for (const it of items) {   if (it.json && it.json.data) batchItem = it.json;   else if (,ALTA,CRITICA,REGLA G-adyacente / control de concurrencia: evita publicar sobre un resultado_batch.json que cambio desde que el auditor abrio la pantalla,,NINGUNA (n8n no tiene test runner propio en este repo),"Si 'FASE3 - Calcular batch_token actual (publicar)' y la lectura de resultado_batch.json no son atomicas entre si (dos llamadas separadas al filesystem), existe una ventana TOCTOU teorica entre calcular el hash y leer el contenido; de bajo impacto practico dado el volumen/latencia esperados de este flujo.",,MEDIO,KEEP,KEEP_IN_N8N,P0,N/D (fuera de alcance de esta auditoria: solo diagnostico),NO,"n8n sqlite workflow_entity.nodes/connections, id LkS0RHu9KEbHCR4p, node 'FASE3 - Validar batch_token (publicar)'",
N8N-cbd334aa-999e-4c18-b021-91601451891b,IF - Batch token coincide (publicar),"TIQ · PROCESAR CIERRES PENDIENTES · POC (n8n, LkS0RHu9KEbHCR4p)",CONTROL,Bifurcacion booleana,ALTA,ALTA,Bloquea publicacion si el batch cambio (ver FASE3 - Validar batch_token),,NINGUNA (n8n no tiene test runner propio en este repo),,,ALTO,KEEP,KEEP_IN_N8N,P1,N/D (fuera de alcance de esta auditoria: solo diagnostico),NO,"n8n sqlite workflow_entity.nodes/connections, id LkS0RHu9KEbHCR4p, node 'IF - Batch token coincide (publicar)'",
N8N-dd0d4bae-4eed-40df-b49e-cf6e722790b4,FASE3 - Responder BATCH_DESACTUALIZADO (publicar),"TIQ · PROCESAR CIERRES PENDIENTES · POC (n8n, LkS0RHu9KEbHCR4p)",CODE_NODE,"Codigo JS embebido: return [{ json: { resultado: 'ERROR', codigo: 'BATCH_DESACTUALIZADO', detalle: 'El resultado_batch.json cambio desde que se cargo la pantalla. Recarga los datos",ALTA,ALTA,,,NINGUNA (n8n no tiene test runner propio en este repo),,,MEDIO,KEEP,KEEP_IN_N8N,P1,N/D (fuera de alcance de esta auditoria: solo diagnostico),NO,"n8n sqlite workflow_entity.nodes/connections, id LkS0RHu9KEbHCR4p, node 'FASE3 - Responder BATCH_DESACTUALIZADO (publicar)'",
N8N-c33c6e65-d65f-4a4f-bb0c-c215c66a7923,FASE3 - Responder publicar-listos JSON,"TIQ · PROCESAR CIERRES PENDIENTES · POC (n8n, LkS0RHu9KEbHCR4p)",OUTPUT,Responde al webhook que originó la ejecucion (HTML o JSON),MEDIA,MEDIA,,,NINGUNA (n8n no tiene test runner propio en este repo),,,MEDIO,KEEP,KEEP_IN_N8N,P2,N/D (fuera de alcance de esta auditoria: solo diagnostico),NO,"n8n sqlite workflow_entity.nodes/connections, id LkS0RHu9KEbHCR4p, node 'FASE3 - Responder publicar-listos JSON'",
N8N-9897d25a-bc6f-4ee2-90d8-d0235032f888,FASE3 - Filtrar cierres LISTO_PARA_PUBLICAR (autoritativo),"TIQ · PROCESAR CIERRES PENDIENTES · POC (n8n, LkS0RHu9KEbHCR4p)",CODE_NODE,Codigo JS embebido: const batch = $json.batch || {}; const cierres = (batch.data && Array.isArray(batch.data.cierres)) ? batch.data.cierres : []; const listos = cierres.filter((c) ,ALTA,ALTA,,,NINGUNA (n8n no tiene test runner propio en este repo),,,MEDIO,KEEP,KEEP_IN_N8N,P1,N/D (fuera de alcance de esta auditoria: solo diagnostico),NO,"n8n sqlite workflow_entity.nodes/connections, id LkS0RHu9KEbHCR4p, node 'FASE3 - Filtrar cierres LISTO_PARA_PUBLICAR (autoritativo)'",
N8N-e51be353-1032-4afe-b4b8-badc7175fb4e,IF - Hay cierres listos (publicar),"TIQ · PROCESAR CIERRES PENDIENTES · POC (n8n, LkS0RHu9KEbHCR4p)",CONTROL,Bifurcacion booleana,ALTA,ALTA,,,NINGUNA (n8n no tiene test runner propio en este repo),,,ALTO,KEEP,KEEP_IN_N8N,P1,N/D (fuera de alcance de esta auditoria: solo diagnostico),NO,"n8n sqlite workflow_entity.nodes/connections, id LkS0RHu9KEbHCR4p, node 'IF - Hay cierres listos (publicar)'",
N8N-f37d8d53-6601-45ab-8139-329dd931c640,FASE3 - Reportar sin cierres listos (publicar),"TIQ · PROCESAR CIERRES PENDIENTES · POC (n8n, LkS0RHu9KEbHCR4p)",CODE_NODE,"Codigo JS embebido: return [{ json: { resultado: 'OK', publicados: [], omitidos: [], fallidos: [], mensaje: 'No hay cierres LISTO_PARA_PUBLICAR en este momento.' } }]; ",ALTA,ALTA,,,NINGUNA (n8n no tiene test runner propio en este repo),,,MEDIO,KEEP,KEEP_IN_N8N,P1,N/D (fuera de alcance de esta auditoria: solo diagnostico),NO,"n8n sqlite workflow_entity.nodes/connections, id LkS0RHu9KEbHCR4p, node 'FASE3 - Reportar sin cierres listos (publicar)'",
N8N-9d4bb38b-0ae2-4160-a374-ef268f3214a0,FASE3 - LOOP publicacion por cierre (publicar),"TIQ · PROCESAR CIERRES PENDIENTES · POC (n8n, LkS0RHu9KEbHCR4p)",CONTROL,Loop: procesa una coleccion item por item (patron SplitInBatches),ALTA,ALTA,,,NINGUNA (n8n no tiene test runner propio en este repo),,,ALTO,KEEP,KEEP_IN_N8N,P1,N/D (fuera de alcance de esta auditoria: solo diagnostico),NO,"n8n sqlite workflow_entity.nodes/connections, id LkS0RHu9KEbHCR4p, node 'FASE3 - LOOP publicacion por cierre (publicar)'",
N8N-788ba737-57ba-4f27-9c14-b774fbeff6f9,FASE3 - Buscar marcador existente (publicar),"TIQ · PROCESAR CIERRES PENDIENTES · POC (n8n, LkS0RHu9KEbHCR4p)",INTEGRATION,Google Drive: fileFolder.?,ALTA,ALTA,,,NINGUNA (n8n no tiene test runner propio en este repo),,,ALTO,KEEP,KEEP_IN_N8N,P1,N/D (fuera de alcance de esta auditoria: solo diagnostico),NO,"n8n sqlite workflow_entity.nodes/connections, id LkS0RHu9KEbHCR4p, node 'FASE3 - Buscar marcador existente (publicar)'",
N8N-7a696ef2-2427-4fcf-b4d2-4492c589740c,FASE3 - Anotar marcador (publicar),"TIQ · PROCESAR CIERRES PENDIENTES · POC (n8n, LkS0RHu9KEbHCR4p)",CODE_NODE,"Codigo JS embebido: const original = $('FASE3 - LOOP publicacion por cierre (publicar)').first().json; const encontrado = $input.first().json; return [{   json: {     ...original, ",ALTA,ALTA,,,NINGUNA (n8n no tiene test runner propio en este repo),,,MEDIO,KEEP,KEEP_IN_N8N,P1,N/D (fuera de alcance de esta auditoria: solo diagnostico),NO,"n8n sqlite workflow_entity.nodes/connections, id LkS0RHu9KEbHCR4p, node 'FASE3 - Anotar marcador (publicar)'",
N8N-37a39b8f-e05f-4326-99b4-9ee29be2caa6,IF - Sigue pendiente tras marcador (publicar),"TIQ · PROCESAR CIERRES PENDIENTES · POC (n8n, LkS0RHu9KEbHCR4p)",CONTROL,Bifurcacion booleana,ALTA,ALTA,,,NINGUNA (n8n no tiene test runner propio en este repo),,,ALTO,KEEP,KEEP_IN_N8N,P1,N/D (fuera de alcance de esta auditoria: solo diagnostico),NO,"n8n sqlite workflow_entity.nodes/connections, id LkS0RHu9KEbHCR4p, node 'IF - Sigue pendiente tras marcador (publicar)'",
N8N-9cfdbf6c-e1d4-4813-8fb5-a3eec183de4f,FASE3 - Buscar cierre en 00_ENTRADA_CIERRES (publicar),"TIQ · PROCESAR CIERRES PENDIENTES · POC (n8n, LkS0RHu9KEbHCR4p)",INTEGRATION,Google Drive: fileFolder.?,ALTA,ALTA,REGLA G: debe usar coincidencia EXACTA de nombre (nunca 'primer resultado'); ver incidente cierre 09 vs 11/10/09 en HANDOFF/prompt de auditoria,,NINGUNA (n8n no tiene test runner propio en este repo),Riesgo si se reintroduce logica de 'tomar el primer resultado' de una busqueda con múltiples coincidencias (incidente real ya corregido una vez).,,ALTO,KEEP,KEEP_IN_N8N,P1,N/D (fuera de alcance de esta auditoria: solo diagnostico),NO,"n8n sqlite workflow_entity.nodes/connections, id LkS0RHu9KEbHCR4p, node 'FASE3 - Buscar cierre en 00_ENTRADA_CIERRES (publicar)'",
N8N-8c157398-8b21-4f95-8899-1f54f4443e7d,FASE3 - Anotar localizacion (publicar),"TIQ · PROCESAR CIERRES PENDIENTES · POC (n8n, LkS0RHu9KEbHCR4p)",CODE_NODE,Codigo JS embebido: const prev = $('FASE3 - Anotar marcador (publicar)').first().json; const candidatos = $input.all().map((it) => it.json).filter((j) => j && j.name); const exacto,ALTA,ALTA,,,NINGUNA (n8n no tiene test runner propio en este repo),,,MEDIO,KEEP,KEEP_IN_N8N,P1,N/D (fuera de alcance de esta auditoria: solo diagnostico),NO,"n8n sqlite workflow_entity.nodes/connections, id LkS0RHu9KEbHCR4p, node 'FASE3 - Anotar localizacion (publicar)'",
N8N-d8915c44-fe41-4ea8-9892-ba38aa3d1f57,FASE3 - Pasar sin localizar (ya resuelto) (publicar),"TIQ · PROCESAR CIERRES PENDIENTES · POC (n8n, LkS0RHu9KEbHCR4p)",CODE_NODE,"Codigo JS embebido: const prev = $('FASE3 - Anotar marcador (publicar)').first().json; return [{ json: { ...prev, entrada_id: null } }]; ",ALTA,ALTA,,,NINGUNA (n8n no tiene test runner propio en este repo),,,MEDIO,KEEP,KEEP_IN_N8N,P1,N/D (fuera de alcance de esta auditoria: solo diagnostico),NO,"n8n sqlite workflow_entity.nodes/connections, id LkS0RHu9KEbHCR4p, node 'FASE3 - Pasar sin localizar (ya resuelto) (publicar)'",
N8N-b6a7c464-fdc0-4f8e-af6c-e927a008f8bc,FASE3 - Carpeta del mes 04_SALIDAS (publicar),"TIQ · PROCESAR CIERRES PENDIENTES · POC (n8n, LkS0RHu9KEbHCR4p)",INTEGRATION,Google Drive: fileFolder.?,ALTA,ALTA,,,NINGUNA (n8n no tiene test runner propio en este repo),,,ALTO,KEEP,KEEP_IN_N8N,P1,N/D (fuera de alcance de esta auditoria: solo diagnostico),NO,"n8n sqlite workflow_entity.nodes/connections, id LkS0RHu9KEbHCR4p, node 'FASE3 - Carpeta del mes 04_SALIDAS (publicar)'",
N8N-8071dabb-4add-46a5-b4a4-aa6a67a39581,FASE3 - Anotar carpeta 04_SALIDAS (publicar),"TIQ · PROCESAR CIERRES PENDIENTES · POC (n8n, LkS0RHu9KEbHCR4p)",CODE_NODE,"Codigo JS embebido: const prev = $('FASE3 - Anotar localizacion (publicar)').first().json; const carpeta = $input.first().json; return [{ json: { ...prev, carpeta_04_salidas_id: ca",ALTA,ALTA,,,NINGUNA (n8n no tiene test runner propio en este repo),,,MEDIO,KEEP,KEEP_IN_N8N,P1,N/D (fuera de alcance de esta auditoria: solo diagnostico),NO,"n8n sqlite workflow_entity.nodes/connections, id LkS0RHu9KEbHCR4p, node 'FASE3 - Anotar carpeta 04_SALIDAS (publicar)'",
N8N-28199b29-31f0-4521-acdc-e952ae6ce39d,FASE3 - Carpeta SAP del mes (publicar),"TIQ · PROCESAR CIERRES PENDIENTES · POC (n8n, LkS0RHu9KEbHCR4p)",INTEGRATION,Google Drive: fileFolder.?,ALTA,ALTA,,,NINGUNA (n8n no tiene test runner propio en este repo),,,ALTO,KEEP,KEEP_IN_N8N,P1,N/D (fuera de alcance de esta auditoria: solo diagnostico),NO,"n8n sqlite workflow_entity.nodes/connections, id LkS0RHu9KEbHCR4p, node 'FASE3 - Carpeta SAP del mes (publicar)'",
N8N-5401321a-ca78-487f-9651-96a96728eb7b,IF - Carpeta SAP existe (publicar),"TIQ · PROCESAR CIERRES PENDIENTES · POC (n8n, LkS0RHu9KEbHCR4p)",CONTROL,Bifurcacion booleana,ALTA,ALTA,,,NINGUNA (n8n no tiene test runner propio en este repo),,,ALTO,KEEP,KEEP_IN_N8N,P1,N/D (fuera de alcance de esta auditoria: solo diagnostico),NO,"n8n sqlite workflow_entity.nodes/connections, id LkS0RHu9KEbHCR4p, node 'IF - Carpeta SAP existe (publicar)'",
N8N-9c66a3d1-fa80-40cc-b691-bf6ad678aaef,FASE3 - Crear carpeta SAP del mes (publicar),"TIQ · PROCESAR CIERRES PENDIENTES · POC (n8n, LkS0RHu9KEbHCR4p)",INTEGRATION,Google Drive: folder.?,ALTA,ALTA,,,NINGUNA (n8n no tiene test runner propio en este repo),,,ALTO,KEEP,KEEP_IN_N8N,P1,N/D (fuera de alcance de esta auditoria: solo diagnostico),NO,"n8n sqlite workflow_entity.nodes/connections, id LkS0RHu9KEbHCR4p, node 'FASE3 - Crear carpeta SAP del mes (publicar)'",
N8N-bb83a898-adbd-4ea1-ad23-cc38419a38ef,FASE3 - Anotar carpeta SAP (publicar),"TIQ · PROCESAR CIERRES PENDIENTES · POC (n8n, LkS0RHu9KEbHCR4p)",CODE_NODE,"Codigo JS embebido: const prev = $('FASE3 - Anotar carpeta 04_SALIDAS (publicar)').first().json; const carpeta = $input.first().json; return [{ json: { ...prev, sap_folder_id: carp",ALTA,ALTA,,,NINGUNA (n8n no tiene test runner propio en este repo),,,MEDIO,KEEP,KEEP_IN_N8N,P1,N/D (fuera de alcance de esta auditoria: solo diagnostico),NO,"n8n sqlite workflow_entity.nodes/connections, id LkS0RHu9KEbHCR4p, node 'FASE3 - Anotar carpeta SAP (publicar)'",
N8N-d41e86d6-1496-4034-84c8-096a833cc200,FASE3 - Carpeta RESULTADOS del mes (publicar),"TIQ · PROCESAR CIERRES PENDIENTES · POC (n8n, LkS0RHu9KEbHCR4p)",INTEGRATION,Google Drive: fileFolder.?,ALTA,ALTA,,,NINGUNA (n8n no tiene test runner propio en este repo),,,ALTO,KEEP,KEEP_IN_N8N,P1,N/D (fuera de alcance de esta auditoria: solo diagnostico),NO,"n8n sqlite workflow_entity.nodes/connections, id LkS0RHu9KEbHCR4p, node 'FASE3 - Carpeta RESULTADOS del mes (publicar)'",
N8N-6f3d9fc6-3a47-49f9-b687-8dbc7c176c3d,IF - Carpeta RESULTADOS existe (publicar),"TIQ · PROCESAR CIERRES PENDIENTES · POC (n8n, LkS0RHu9KEbHCR4p)",CONTROL,Bifurcacion booleana,ALTA,ALTA,,,NINGUNA (n8n no tiene test runner propio en este repo),,,ALTO,KEEP,KEEP_IN_N8N,P1,N/D (fuera de alcance de esta auditoria: solo diagnostico),NO,"n8n sqlite workflow_entity.nodes/connections, id LkS0RHu9KEbHCR4p, node 'IF - Carpeta RESULTADOS existe (publicar)'",
N8N-925d8be9-3b40-4188-a733-48c17bcb7fd9,FASE3 - Crear carpeta RESULTADOS del mes (publicar),"TIQ · PROCESAR CIERRES PENDIENTES · POC (n8n, LkS0RHu9KEbHCR4p)",INTEGRATION,Google Drive: folder.?,ALTA,ALTA,,,NINGUNA (n8n no tiene test runner propio en este repo),,,ALTO,KEEP,KEEP_IN_N8N,P1,N/D (fuera de alcance de esta auditoria: solo diagnostico),NO,"n8n sqlite workflow_entity.nodes/connections, id LkS0RHu9KEbHCR4p, node 'FASE3 - Crear carpeta RESULTADOS del mes (publicar)'",
N8N-0546cb27-c8b0-445d-b683-4f888a89a05f,FASE3 - Anotar carpeta RESULTADOS (publicar),"TIQ · PROCESAR CIERRES PENDIENTES · POC (n8n, LkS0RHu9KEbHCR4p)",CODE_NODE,"Codigo JS embebido: const prev = $('FASE3 - Anotar carpeta SAP (publicar)').first().json; const carpeta = $input.first().json; return [{ json: { ...prev, resultados_folder_id: carp",ALTA,ALTA,,,NINGUNA (n8n no tiene test runner propio en este repo),,,MEDIO,KEEP,KEEP_IN_N8N,P1,N/D (fuera de alcance de esta auditoria: solo diagnostico),NO,"n8n sqlite workflow_entity.nodes/connections, id LkS0RHu9KEbHCR4p, node 'FASE3 - Anotar carpeta RESULTADOS (publicar)'",
N8N-77f61846-571f-4539-8ae1-1671af20395a,FASE3 - Leer SAP local (publicar),"TIQ · PROCESAR CIERRES PENDIENTES · POC (n8n, LkS0RHu9KEbHCR4p)",DATA_ARTIFACT,Lee/escribe archivo local (?),MEDIA,MEDIA,,,NINGUNA (n8n no tiene test runner propio en este repo),,,MEDIO,KEEP,KEEP_IN_N8N,P2,N/D (fuera de alcance de esta auditoria: solo diagnostico),NO,"n8n sqlite workflow_entity.nodes/connections, id LkS0RHu9KEbHCR4p, node 'FASE3 - Leer SAP local (publicar)'",
N8N-42fb6489-ec18-4f62-acbe-1a2ff7999163,FASE3 - Subir SAP a Drive (publicar),"TIQ · PROCESAR CIERRES PENDIENTES · POC (n8n, LkS0RHu9KEbHCR4p)",INTEGRATION,Google Drive: file.?,ALTA,ALTA,,,NINGUNA (n8n no tiene test runner propio en este repo),,,ALTO,KEEP,KEEP_IN_N8N,P1,N/D (fuera de alcance de esta auditoria: solo diagnostico),NO,"n8n sqlite workflow_entity.nodes/connections, id LkS0RHu9KEbHCR4p, node 'FASE3 - Subir SAP a Drive (publicar)'",
N8N-9fac5ecf-aab5-4419-b6fe-ae9ee5598d06,FASE3 - Anotar subida SAP (publicar),"TIQ · PROCESAR CIERRES PENDIENTES · POC (n8n, LkS0RHu9KEbHCR4p)",CODE_NODE,Codigo JS embebido: const prev = $('FASE3 - Anotar carpeta RESULTADOS (publicar)').first().json; const items = $input.all(); let problema = null; for (const it of items) {   if (it,ALTA,ALTA,,,NINGUNA (n8n no tiene test runner propio en este repo),,,MEDIO,KEEP,KEEP_IN_N8N,P1,N/D (fuera de alcance de esta auditoria: solo diagnostico),NO,"n8n sqlite workflow_entity.nodes/connections, id LkS0RHu9KEbHCR4p, node 'FASE3 - Anotar subida SAP (publicar)'",
N8N-4144dead-ccce-449a-9331-dc34f07f0572,FASE3 - Leer RESULTADO local (publicar),"TIQ · PROCESAR CIERRES PENDIENTES · POC (n8n, LkS0RHu9KEbHCR4p)",DATA_ARTIFACT,Lee/escribe archivo local (?),MEDIA,MEDIA,,,NINGUNA (n8n no tiene test runner propio en este repo),,,MEDIO,KEEP,KEEP_IN_N8N,P2,N/D (fuera de alcance de esta auditoria: solo diagnostico),NO,"n8n sqlite workflow_entity.nodes/connections, id LkS0RHu9KEbHCR4p, node 'FASE3 - Leer RESULTADO local (publicar)'",
N8N-c019145b-19e3-493d-9596-925817d1ae69,FASE3 - Subir RESULTADO a Drive (publicar),"TIQ · PROCESAR CIERRES PENDIENTES · POC (n8n, LkS0RHu9KEbHCR4p)",INTEGRATION,Google Drive: file.?,ALTA,ALTA,,,NINGUNA (n8n no tiene test runner propio en este repo),,,ALTO,KEEP,KEEP_IN_N8N,P1,N/D (fuera de alcance de esta auditoria: solo diagnostico),NO,"n8n sqlite workflow_entity.nodes/connections, id LkS0RHu9KEbHCR4p, node 'FASE3 - Subir RESULTADO a Drive (publicar)'",
N8N-564fa00b-bb3d-409d-8b60-d98f15e7f1ff,FASE3 - Anotar subida RESULTADO (publicar),"TIQ · PROCESAR CIERRES PENDIENTES · POC (n8n, LkS0RHu9KEbHCR4p)",CODE_NODE,Codigo JS embebido: const prev = $('FASE3 - Anotar subida SAP (publicar)').first().json; const items = $input.all(); const huboError = items.some((it) => it.json && it.json.error);,ALTA,ALTA,,,NINGUNA (n8n no tiene test runner propio en este repo),,,MEDIO,KEEP,KEEP_IN_N8N,P1,N/D (fuera de alcance de esta auditoria: solo diagnostico),NO,"n8n sqlite workflow_entity.nodes/connections, id LkS0RHu9KEbHCR4p, node 'FASE3 - Anotar subida RESULTADO (publicar)'",
N8N-8e381bd4-01cf-4625-bf7b-5493a4f8b6a0,FASE3 - Carpeta del mes 03_PROCESADOS (publicar),"TIQ · PROCESAR CIERRES PENDIENTES · POC (n8n, LkS0RHu9KEbHCR4p)",INTEGRATION,Google Drive: fileFolder.?,ALTA,ALTA,,,NINGUNA (n8n no tiene test runner propio en este repo),,,ALTO,KEEP,KEEP_IN_N8N,P1,N/D (fuera de alcance de esta auditoria: solo diagnostico),NO,"n8n sqlite workflow_entity.nodes/connections, id LkS0RHu9KEbHCR4p, node 'FASE3 - Carpeta del mes 03_PROCESADOS (publicar)'",
N8N-e3059d29-cc12-4554-b5be-279988b9e591,FASE3 - Mover cierre a 03_PROCESADOS (publicar),"TIQ · PROCESAR CIERRES PENDIENTES · POC (n8n, LkS0RHu9KEbHCR4p)",INTEGRATION,Google Drive: file.move,ALTA,ALTA,,,NINGUNA (n8n no tiene test runner propio en este repo),,,ALTO,KEEP,KEEP_IN_N8N,P1,N/D (fuera de alcance de esta auditoria: solo diagnostico),NO,"n8n sqlite workflow_entity.nodes/connections, id LkS0RHu9KEbHCR4p, node 'FASE3 - Mover cierre a 03_PROCESADOS (publicar)'",
N8N-311ba7de-29ee-4fb0-8499-75812c8de0d5,FASE3 - Anotar movimiento (publicar),"TIQ · PROCESAR CIERRES PENDIENTES · POC (n8n, LkS0RHu9KEbHCR4p)",CODE_NODE,Codigo JS embebido: const prev = $('FASE3 - Anotar subida RESULTADO (publicar)').first().json; const items = $input.all(); const huboError = items.some((it) => it.json && it.json.e,ALTA,ALTA,,,NINGUNA (n8n no tiene test runner propio en este repo),,,MEDIO,KEEP,KEEP_IN_N8N,P1,N/D (fuera de alcance de esta auditoria: solo diagnostico),NO,"n8n sqlite workflow_entity.nodes/connections, id LkS0RHu9KEbHCR4p, node 'FASE3 - Anotar movimiento (publicar)'",
N8N-e91c8401-da0e-482a-af03-969a5d5002c8,IF - Listo para generar marcador (publicar),"TIQ · PROCESAR CIERRES PENDIENTES · POC (n8n, LkS0RHu9KEbHCR4p)",CONTROL,Bifurcacion booleana,ALTA,ALTA,,,NINGUNA (n8n no tiene test runner propio en este repo),,,ALTO,KEEP,KEEP_IN_N8N,P1,N/D (fuera de alcance de esta auditoria: solo diagnostico),NO,"n8n sqlite workflow_entity.nodes/connections, id LkS0RHu9KEbHCR4p, node 'IF - Listo para generar marcador (publicar)'",
N8N-59a014ec-e616-44a8-a33a-de76db0e84e3,FASE3 - Pasar sin generar marcador (publicar),"TIQ · PROCESAR CIERRES PENDIENTES · POC (n8n, LkS0RHu9KEbHCR4p)",CODE_NODE,Codigo JS embebido: return [{ json: { ...$input.first().json } }]; ,ALTA,ALTA,,,NINGUNA (n8n no tiene test runner propio en este repo),,,MEDIO,KEEP,KEEP_IN_N8N,P1,N/D (fuera de alcance de esta auditoria: solo diagnostico),NO,"n8n sqlite workflow_entity.nodes/connections, id LkS0RHu9KEbHCR4p, node 'FASE3 - Pasar sin generar marcador (publicar)'",
N8N-02c76f80-5bd7-446c-bafd-bea683d585aa,FASE3 - Generar marcador (publicar_cierre.py) (publicar),"TIQ · PROCESAR CIERRES PENDIENTES · POC (n8n, LkS0RHu9KEbHCR4p)",INTEGRATION,"Ejecuta comando shell/CLI: =cd /workspaces/caja-tiquipaya-v2 && /workspaces/.venv-caja/bin/python3 publicar_cierre.py --resultado ""{{ $json.ruta_resultado }}"" --sap-publicado-por-usuario true --sap-verificad",ALTA,ALTA,"REGLA F/E: igual que el nodo anterior, para el flujo de PUBLICACION MULTIPLE",publicar_cierre.py,Indirecta via tests de run_batch.py/aplicar_correccion.py/publicar_cierre.py (n8n no tiene test runner propio en este repo),"Command Execute construye el shell command interpolando campos que en ultima instancia provienen del body/query de un Webhook SIN autenticacion (HANDOFF SS16.4: autenticacion diferida explicitamente). Si un valor como resultados_dir/fecha/hash/ruta_cierre llegara con comillas/backticks/`;` no neutralizados, podria alterar el comando ejecutado (riesgo de inyeccion de comandos). Ver V2_RISKS.csv RISK-001. Mismo hardcodeo de las 4 confirmaciones a 'true' que 'EJECUTAR - Generar marcador local'; ademas el marcador se escribe a una ruta LOCAL fija de POC '/home/codespace/poc_n8n_tiquipaya/MARCADOR_SIMULADO/' (coherente con el diseño 100% sintetico, pero es una ruta hardcodeada que deberá parametrizarse antes de cualquier uso real).",,ALTO,KEEP,KEEP_IN_N8N,P1,N/D (fuera de alcance de esta auditoria: solo diagnostico),NO,"n8n sqlite workflow_entity.nodes/connections, id LkS0RHu9KEbHCR4p, node 'FASE3 - Generar marcador (publicar_cierre.py) (publicar)'",
N8N-b28b3fbf-4a91-4d21-8319-4edc0eb01565,FASE3 - Interpretar resultado marcador (publicar),"TIQ · PROCESAR CIERRES PENDIENTES · POC (n8n, LkS0RHu9KEbHCR4p)",CODE_NODE,Codigo JS embebido: const prev = $('FASE3 - Anotar movimiento (publicar)').first().json; const raw = $json.stdout || ''; let parsed = null; try { parsed = JSON.parse(raw); } catch ,ALTA,ALTA,,,NINGUNA (n8n no tiene test runner propio en este repo),,,MEDIO,KEEP,KEEP_IN_N8N,P1,N/D (fuera de alcance de esta auditoria: solo diagnostico),NO,"n8n sqlite workflow_entity.nodes/connections, id LkS0RHu9KEbHCR4p, node 'FASE3 - Interpretar resultado marcador (publicar)'",
N8N-d08b2a53-137c-4da2-9d68-61468f5a9e83,IF - Marcador generado OK (publicar),"TIQ · PROCESAR CIERRES PENDIENTES · POC (n8n, LkS0RHu9KEbHCR4p)",CONTROL,Bifurcacion booleana,ALTA,ALTA,,,NINGUNA (n8n no tiene test runner propio en este repo),,,ALTO,KEEP,KEEP_IN_N8N,P1,N/D (fuera de alcance de esta auditoria: solo diagnostico),NO,"n8n sqlite workflow_entity.nodes/connections, id LkS0RHu9KEbHCR4p, node 'IF - Marcador generado OK (publicar)'",
N8N-51cf993e-72e1-4a14-8b4b-b110b0d4f0a6,FASE3 - Anotar fallo marcador (publicar),"TIQ · PROCESAR CIERRES PENDIENTES · POC (n8n, LkS0RHu9KEbHCR4p)",CODE_NODE,"Codigo JS embebido: const prev = $input.first().json; return [{ json: { ...prev, estado_publicacion: prev.estado_publicacion || ('MARCADOR_' + (prev.marcador_codigo || 'DESCONOCIDO",ALTA,ALTA,,,NINGUNA (n8n no tiene test runner propio en este repo),,,MEDIO,KEEP,KEEP_IN_N8N,P1,N/D (fuera de alcance de esta auditoria: solo diagnostico),NO,"n8n sqlite workflow_entity.nodes/connections, id LkS0RHu9KEbHCR4p, node 'FASE3 - Anotar fallo marcador (publicar)'",
N8N-e0a6d839-aee5-4b26-a66b-172f28dbfe19,FASE3 - Leer marcador local (publicar),"TIQ · PROCESAR CIERRES PENDIENTES · POC (n8n, LkS0RHu9KEbHCR4p)",DATA_ARTIFACT,Lee/escribe archivo local (?),MEDIA,MEDIA,,,NINGUNA (n8n no tiene test runner propio en este repo),,,MEDIO,KEEP,KEEP_IN_N8N,P2,N/D (fuera de alcance de esta auditoria: solo diagnostico),NO,"n8n sqlite workflow_entity.nodes/connections, id LkS0RHu9KEbHCR4p, node 'FASE3 - Leer marcador local (publicar)'",
N8N-ecaa8301-63f9-48ff-9b2f-eb2576e53490,FASE3 - Subir marcador a Drive (publicar),"TIQ · PROCESAR CIERRES PENDIENTES · POC (n8n, LkS0RHu9KEbHCR4p)",INTEGRATION,Google Drive: file.?,ALTA,ALTA,,,NINGUNA (n8n no tiene test runner propio en este repo),,,ALTO,KEEP,KEEP_IN_N8N,P1,N/D (fuera de alcance de esta auditoria: solo diagnostico),NO,"n8n sqlite workflow_entity.nodes/connections, id LkS0RHu9KEbHCR4p, node 'FASE3 - Subir marcador a Drive (publicar)'",
N8N-4728150c-6083-42da-9efb-0ced5b187bd5,FASE3 - Anotar publicacion final (publicar),"TIQ · PROCESAR CIERRES PENDIENTES · POC (n8n, LkS0RHu9KEbHCR4p)",CODE_NODE,Codigo JS embebido: let prev; try { prev = $('FASE3 - Interpretar resultado marcador (publicar)').first().json; } catch (e) { prev = $input.first().json; } const items = $input.all,ALTA,ALTA,,,NINGUNA (n8n no tiene test runner propio en este repo),,,MEDIO,KEEP,KEEP_IN_N8N,P1,N/D (fuera de alcance de esta auditoria: solo diagnostico),NO,"n8n sqlite workflow_entity.nodes/connections, id LkS0RHu9KEbHCR4p, node 'FASE3 - Anotar publicacion final (publicar)'",
N8N-2c6a8b01-e90d-4246-a628-5a7384724028,FASE3 - Preparar retorno al loop (publicar),"TIQ · PROCESAR CIERRES PENDIENTES · POC (n8n, LkS0RHu9KEbHCR4p)",CODE_NODE,"Codigo JS embebido: const it = $input.first().json; return [{   json: {     fecha: it.fecha,     archivo: it.archivo,     hash: it.hash,     estado_publicacion: it.estado_publicaci",ALTA,ALTA,,,NINGUNA (n8n no tiene test runner propio en este repo),,,MEDIO,KEEP,KEEP_IN_N8N,P1,N/D (fuera de alcance de esta auditoria: solo diagnostico),NO,"n8n sqlite workflow_entity.nodes/connections, id LkS0RHu9KEbHCR4p, node 'FASE3 - Preparar retorno al loop (publicar)'",
N8N-c128d8ac-3ede-4814-80a0-52e249f76acc,FASE3 - Combinar resultados por cierre (publicar),"TIQ · PROCESAR CIERRES PENDIENTES · POC (n8n, LkS0RHu9KEbHCR4p)",CODE_NODE,"Codigo JS embebido: const items = $input.all().map((it) => it.json); const publicados = items.filter((c) => c.estado_publicacion === 'PUBLICADO').map((c) => ({ fecha: c.fecha, arch",ALTA,ALTA,,,NINGUNA (n8n no tiene test runner propio en este repo),,,MEDIO,KEEP,KEEP_IN_N8N,P1,N/D (fuera de alcance de esta auditoria: solo diagnostico),NO,"n8n sqlite workflow_entity.nodes/connections, id LkS0RHu9KEbHCR4p, node 'FASE3 - Combinar resultados por cierre (publicar)'",
N8N-579967df-f19b-48f5-b918-efb4277ecde5,Sticky Note - 1 · ENTRADA,"TIQ · PROCESAR CIERRES PENDIENTES · POC (n8n, LkS0RHu9KEbHCR4p)",DOCUMENTACION_VISUAL,Nota visual/documentacion del canvas (sin logica),BAJA,BAJA,,,NINGUNA (n8n no tiene test runner propio en este repo),,,MEDIO,KEEP,KEEP_IN_N8N,P3,N/D (fuera de alcance de esta auditoria: solo diagnostico),NO,"n8n sqlite workflow_entity.nodes/connections, id LkS0RHu9KEbHCR4p, node 'Sticky Note - 1 · ENTRADA'",
N8N-3d76d6a4-4cb7-443b-b491-9d350dc9648e,Sticky Note - 2 · MATERIALIZACION,"TIQ · PROCESAR CIERRES PENDIENTES · POC (n8n, LkS0RHu9KEbHCR4p)",DOCUMENTACION_VISUAL,Nota visual/documentacion del canvas (sin logica),BAJA,BAJA,,,NINGUNA (n8n no tiene test runner propio en este repo),,,MEDIO,KEEP,KEEP_IN_N8N,P3,N/D (fuera de alcance de esta auditoria: solo diagnostico),NO,"n8n sqlite workflow_entity.nodes/connections, id LkS0RHu9KEbHCR4p, node 'Sticky Note - 2 · MATERIALIZACION'",
N8N-6541572e-f06f-4828-97e2-bf826939ab42,Sticky Note - 3 · MOTOR PYTHON,"TIQ · PROCESAR CIERRES PENDIENTES · POC (n8n, LkS0RHu9KEbHCR4p)",DOCUMENTACION_VISUAL,Nota visual/documentacion del canvas (sin logica),BAJA,BAJA,,,NINGUNA (n8n no tiene test runner propio en este repo),,,MEDIO,KEEP,KEEP_IN_N8N,P3,N/D (fuera de alcance de esta auditoria: solo diagnostico),NO,"n8n sqlite workflow_entity.nodes/connections, id LkS0RHu9KEbHCR4p, node 'Sticky Note - 3 · MOTOR PYTHON'",
N8N-e4b13a99-7204-4b90-b8fe-8f1e74846dd9,Sticky Note - 4 · CLASIFICACION,"TIQ · PROCESAR CIERRES PENDIENTES · POC (n8n, LkS0RHu9KEbHCR4p)",DOCUMENTACION_VISUAL,Nota visual/documentacion del canvas (sin logica),BAJA,BAJA,,,NINGUNA (n8n no tiene test runner propio en este repo),,,MEDIO,KEEP,KEEP_IN_N8N,P3,N/D (fuera de alcance de esta auditoria: solo diagnostico),NO,"n8n sqlite workflow_entity.nodes/connections, id LkS0RHu9KEbHCR4p, node 'Sticky Note - 4 · CLASIFICACION'",
N8N-1b061b6a-fb1a-4a93-99eb-b0dacd123b5e,Sticky Note - 5 · PUBLICACION,"TIQ · PROCESAR CIERRES PENDIENTES · POC (n8n, LkS0RHu9KEbHCR4p)",DOCUMENTACION_VISUAL,Nota visual/documentacion del canvas (sin logica),BAJA,BAJA,,,NINGUNA (n8n no tiene test runner propio en este repo),,,MEDIO,KEEP,KEEP_IN_N8N,P3,N/D (fuera de alcance de esta auditoria: solo diagnostico),NO,"n8n sqlite workflow_entity.nodes/connections, id LkS0RHu9KEbHCR4p, node 'Sticky Note - 5 · PUBLICACION'",
N8N-656f70aa-67ef-4cb9-830f-68cdf54348a8,Sticky Note - 6 · REVISION Y CORRECCION,"TIQ · PROCESAR CIERRES PENDIENTES · POC (n8n, LkS0RHu9KEbHCR4p)",DOCUMENTACION_VISUAL,Nota visual/documentacion del canvas (sin logica),BAJA,BAJA,,,NINGUNA (n8n no tiene test runner propio en este repo),,,MEDIO,KEEP,KEEP_IN_N8N,P3,N/D (fuera de alcance de esta auditoria: solo diagnostico),NO,"n8n sqlite workflow_entity.nodes/connections, id LkS0RHu9KEbHCR4p, node 'Sticky Note - 6 · REVISION Y CORRECCION'",
N8N-1cba04b7-ebd8-4e85-8c8e-e9d97f18b9ea,Sticky Note - 7 · UTILIDADES,"TIQ · PROCESAR CIERRES PENDIENTES · POC (n8n, LkS0RHu9KEbHCR4p)",DOCUMENTACION_VISUAL,Nota visual/documentacion del canvas (sin logica),BAJA,BAJA,,,NINGUNA (n8n no tiene test runner propio en este repo),,,MEDIO,KEEP,KEEP_IN_N8N,P3,N/D (fuera de alcance de esta auditoria: solo diagnostico),NO,"n8n sqlite workflow_entity.nodes/connections, id LkS0RHu9KEbHCR4p, node 'Sticky Note - 7 · UTILIDADES'",
N8N-f5493655-d4ab-4c2c-8958-c8b6cbb1e353,Sticky Note - 7 · UTILIDADES (cont.),"TIQ · PROCESAR CIERRES PENDIENTES · POC (n8n, LkS0RHu9KEbHCR4p)",DOCUMENTACION_VISUAL,Nota visual/documentacion del canvas (sin logica),BAJA,BAJA,,,NINGUNA (n8n no tiene test runner propio en este repo),,,MEDIO,KEEP,KEEP_IN_N8N,P3,N/D (fuera de alcance de esta auditoria: solo diagnostico),NO,"n8n sqlite workflow_entity.nodes/connections, id LkS0RHu9KEbHCR4p, node 'Sticky Note - 7 · UTILIDADES (cont.)'",
N8N-cae6eccc-8cf8-4c31-b346-917f54577290,FASE4B - Sticky Publicacion Multiple,"TIQ · PROCESAR CIERRES PENDIENTES · POC (n8n, LkS0RHu9KEbHCR4p)",DOCUMENTACION_VISUAL,Nota visual/documentacion del canvas (sin logica),BAJA,BAJA,,,NINGUNA (n8n no tiene test runner propio en este repo),,,MEDIO,KEEP,KEEP_IN_N8N,P3,N/D (fuera de alcance de esta auditoria: solo diagnostico),NO,"n8n sqlite workflow_entity.nodes/connections, id LkS0RHu9KEbHCR4p, node 'FASE4B - Sticky Publicacion Multiple'",
N8N-1661523e-820b-4ee6-b684-e05f1669f8b5,FASE3 - Sticky Webhooks Frontend,"TIQ · PROCESAR CIERRES PENDIENTES · POC (n8n, LkS0RHu9KEbHCR4p)",DOCUMENTACION_VISUAL,Nota visual/documentacion del canvas (sin logica),BAJA,BAJA,,,NINGUNA (n8n no tiene test runner propio en este repo),,,MEDIO,KEEP,KEEP_IN_N8N,P3,N/D (fuera de alcance de esta auditoria: solo diagnostico),NO,"n8n sqlite workflow_entity.nodes/connections, id LkS0RHu9KEbHCR4p, node 'FASE3 - Sticky Webhooks Frontend'",
N8N-5698fa57-5a19-4353-96fa-0857d6dc758c,FASE3 - Sticky Excepciones,"TIQ · PROCESAR CIERRES PENDIENTES · POC (n8n, LkS0RHu9KEbHCR4p)",DOCUMENTACION_VISUAL,Nota visual/documentacion del canvas (sin logica),BAJA,BAJA,,,NINGUNA (n8n no tiene test runner propio en este repo),,,MEDIO,KEEP,KEEP_IN_N8N,P3,N/D (fuera de alcance de esta auditoria: solo diagnostico),NO,"n8n sqlite workflow_entity.nodes/connections, id LkS0RHu9KEbHCR4p, node 'FASE3 - Sticky Excepciones'",
N8N-b7eab927-41f2-4637-a3a8-e77c6080c277,FASE1 - Sticky Solo Lectura,"TIQ · PROCESAR CIERRES PENDIENTES · POC (n8n, LkS0RHu9KEbHCR4p)",DOCUMENTACION_VISUAL,Nota visual/documentacion del canvas (sin logica),BAJA,BAJA,,,NINGUNA (n8n no tiene test runner propio en este repo),,,MEDIO,KEEP,KEEP_IN_N8N,P3,N/D (fuera de alcance de esta auditoria: solo diagnostico),NO,"n8n sqlite workflow_entity.nodes/connections, id LkS0RHu9KEbHCR4p, node 'FASE1 - Sticky Solo Lectura'",
N8N-d87e33af-28d1-4840-8390-e445a1b49462,Sticky Leyenda General,"TIQ · PROCESAR CIERRES PENDIENTES · POC (n8n, LkS0RHu9KEbHCR4p)",DOCUMENTACION_VISUAL,Nota visual/documentacion del canvas (sin logica),BAJA,BAJA,,,NINGUNA (n8n no tiene test runner propio en este repo),,,MEDIO,KEEP,KEEP_IN_N8N,P3,N/D (fuera de alcance de esta auditoria: solo diagnostico),NO,"n8n sqlite workflow_entity.nodes/connections, id LkS0RHu9KEbHCR4p, node 'Sticky Leyenda General'",
